site_name,site_no,structure,structure_id,structure_no,structure_sp,dbh,decay,vexar,planter,recorder,photo_no,tag_id,measurement_id,height,height_2,rcd,rcd_2,azimuth,dist,log_ht,status,herbiv,comp_sp,comp_dist,comp_ht,grass,forb,shrub,rock,cwd,litter,bare_soil,moss,root,other,cvr_total,notes,azimuth_cos,live_cvr,percent_live_cvr,neighbor
Horton,1,open,3331,31,NA,NA,NA,0,CAE,"KBK,CAE,IM",A2319,2213,2213-02,22,22,2,2,NA,NA,NA,0,NA,NA,NA,NA,25,10,NA,11,14,37,3,NA,NA,NA,100,NA,NA,NA,NA,0
Horton,1,open,3331,31,NA,NA,NA,0,CAE,"KBK,CAE,IM",A2319,2246,2246-02,22,22,4,4,NA,NA,NA,0,NA,NA,NA,NA,7,15,NA,20,2,22,34,NA,NA,NA,100,NA,NA,NA,NA,0
Horton,1,open,3331,31,NA,NA,NA,0,CAE,"KBK,CAE,IM",A2319,2214,2214-02,26,26,4,4,NA,NA,NA,0,NA,NA,NA,NA,6,22,NA,13,4,30,15,NA,NA,NA,90,NA,NA,NA,NA,0
Horton,1,open,3331,31,NA,NA,NA,0,CAE,"KBK,CAE,IM",A2319,2237,2237-02,23,23,3,3,NA,NA,NA,0,NA,NA,NA,NA,13,8,NA,13,13,40,13,NA,NA,NA,100,NA,NA,NA,NA,0
Horton,1,open,3332,32,NA,NA,NA,0,IM,"KBK,CAE",A2320,2235,2235-02,20,20,4,4,NA,NA,NA,0,NA,NA,NA,NA,26,8,NA,7,3,55,1,NA,NA,NA,100,NA,NA,NA,NA,0
Horton,1,open,3332,32,NA,NA,NA,0,IM,"KBK,CAE",A2320,2211,2211-02,23,23,2,2,NA,NA,NA,0,NA,NA,NA,NA,18,5,NA,23,5,43,6,NA,NA,NA,100,NA,NA,NA,NA,0
Horton,1,open,3332,32,NA,NA,NA,0,IM,"KBK,CAE",A2320,2250,2250-02,18,18,3,3,NA,NA,NA,0,NA,NA,NA,NA,25,5,NA,11,4,53,2,NA,NA,NA,100,NA,NA,NA,NA,0
Horton,1,open,3332,32,NA,NA,NA,0,IM,"KBK,CAE",A2320,2215,2215-02,19,19,3,3,NA,NA,NA,0,NA,NA,NA,NA,50,2,NA,6,4,36,2,NA,NA,NA,100,NA,NA,NA,NA,0
Horton,1,open,3333,33,NA,NA,NA,0,"CAE, KBK","KBK,CAE",A2321,2212,2212-02,16,16,4,4,NA,NA,NA,0,NA,NA,NA,NA,NA,18,NA,6,3,66,7,NA,NA,NA,100,NA,NA,NA,NA,0
Horton,1,open,3333,33,NA,NA,NA,0,"CAE, KBK","KBK,CAE",A2321,2227,2227-02,19,19,3,3,NA,NA,NA,0,NA,NA,NA,NA,12,13,15,8,2,38,12,NA,NA,NA,100,NA,NA,40,40.00%,0
Horton,1,open,3333,33,NA,NA,NA,0,"CAE, KBK","KBK,CAE",A2321,2242,2242-02,21.5,21.5,4,4,NA,NA,NA,0,NA,NA,NA,NA,2,22,13,8,4,41,10,NA,NA,NA,100,NA,NA,37,37.00%,0
Horton,1,open,3333,33,NA,NA,NA,0,"CAE, KBK","KBK,CAE",A2321,2210,2210-02,23,32.2,3,3.9,NA,NA,NA,1,NA,NA,NA,NA,14,NA,2,4,NA,75,5,NA,NA,NA,100,NA,NA,NA,NA,0
Horton,1,open,3328,28,NA,NA,NA,0,SK,"IM, SK",B1705,2331,2331-02,18,18,3,3,NA,NA,NA,0,NA,NA,NA,NA,1,2,NA,25,5,47,20,NA,NA,NA,100,NA,NA,NA,NA,0
Horton,1,open,3328,28,NA,NA,NA,0,SK,"IM, SK",B1705,2103,2103-02,26,26,3.5,3.5,NA,NA,NA,0,NA,NA,NA,NA,NA,2,NA,15,NA,83,NA,NA,NA,NA,100,NA,NA,NA,NA,0
Horton,1,open,3328,28,NA,NA,NA,0,SK,"IM, SK",B1705,2332,2332-02,18,18,4,4,NA,NA,NA,0,NA,NA,NA,NA,NA,NA,NA,20,5,60,5,10,NA,NA,100,NA,NA,NA,NA,0
Horton,1,open,3328,28,NA,NA,NA,0,SK,"IM, SK",B1705,2330,2330-02,14,14,3,3,NA,NA,NA,0,NA,NA,NA,NA,8,10,NA,NA,8,64,10,NA,NA,NA,100,NA,NA,NA,NA,0
Horton,1,open,3319,19,NA,NA,NA,1,JL,"KBK, CAE",A2295,2457,2457-02,29,29,4,4,NA,NA,NA,0,NA,NA,NA,NA,10,26,NA,20,4,20,20,NA,NA,NA,100,NA,NA,NA,NA,0
Horton,1,open,3319,19,NA,NA,NA,1,JL,"KBK, CAE",A2295,2460,2460-02,25,25,4,4,NA,NA,NA,0,NA,NA,NA,NA,35,15,NA,10,4,26,10,NA,NA,NA,100,NA,NA,NA,NA,0
Horton,1,open,3319,19,NA,NA,NA,1,JL,"KBK, CAE",A2295,2476,2476-02,27,27,3,3,NA,NA,NA,0,NA,NA,NA,NA,8,20,NA,15,2,25,30,NA,NA,NA,100,NA,NA,NA,NA,0
Horton,1,open,3319,19,NA,NA,NA,1,JL,"KBK, CAE",A2295,2471,2471-02,22,22,3,3,NA,NA,NA,0,NA,NA,NA,NA,26,8,NA,12,5,44,5,NA,NA,NA,100,NA,NA,NA,NA,0
Horton,1,open,3304,4,NA,NA,NA,1,IM,"KBK, CAE",A2303,2491,2491-02,32,44.8,5,6.5,NA,NA,NA,1,NA,NA,NA,NA,NA,10,NA,5,3,67,15,NA,NA,NA,100,NA,NA,NA,NA,0
Horton,1,open,3304,4,NA,NA,NA,1,IM,"KBK, CAE",A2303,2494,2494-02,36,36,4,4,NA,NA,NA,0,NA,NA,NA,NA,NA,27,NA,10,3,25,35,NA,NA,NA,100,NA,NA,NA,NA,0
Horton,1,open,3304,4,NA,NA,NA,1,IM,"KBK, CAE",A2303,2487,2487-02,22,30.8,4,5.2,NA,NA,NA,1,NA,NA,NA,NA,1,26,10,NA,NA,43,20,NA,NA,NA,100,NA,NA,37,37.00%,0
Horton,1,open,3304,4,NA,NA,NA,1,IM,"KBK, CAE",A2303,2495,2495-02,25,25,5,5,NA,NA,NA,0,NA,NA,NA,NA,NA,25,NA,12,3,27,33,NA,NA,NA,100,NA,NA,NA,NA,0
Horton,1,open,3318,18,NA,NA,NA,1,JL,"JL, CAE",A2308,2275,2275-02,29,29,4,4,NA,NA,NA,0,NA,NA,NA,NA,6,6,NA,19,2,57,10,NA,NA,NA,100,NA,NA,NA,NA,0
Horton,1,open,3318,18,NA,NA,NA,1,JL,"JL, CAE",A2308,2288,2288-02,22,22,2,2,NA,NA,NA,0,NA,NA,NA,NA,8,12,NA,6,6,53,15,NA,NA,NA,100,NA,NA,NA,NA,0
Horton,1,open,3318,18,NA,NA,NA,1,JL,"JL, CAE",A2308,2473,2473-02,16,16,2,2,NA,NA,NA,0,NA,NA,NA,NA,15,22,NA,3,3,51,6,NA,NA,NA,100,NA,NA,NA,NA,0
Horton,1,open,3318,18,NA,NA,NA,1,JL,"JL, CAE",A2308,2447,2447-02,23,23,3,3,NA,NA,NA,0,NA,NA,NA,NA,7,24,NA,18,6,28,17,NA,NA,NA,100,NA,NA,NA,NA,0
Horton,1,open,3316,16,NA,NA,NA,0,IM,"JL, CAE",A2305,2442,2442-02,28,28,4,4,NA,NA,NA,0,NA,NA,NA,NA,2,32,NA,10,2,44,10,NA,NA,NA,100,NA,NA,NA,NA,0
Horton,1,open,3316,16,NA,NA,NA,0,IM,"JL, CAE",A2305,2293,2293-02,29,40.6,5,6.5,NA,NA,NA,1,NA,NA,NA,NA,38,2,NA,10,3,39,8,NA,NA,NA,100,NA,NA,NA,NA,0
Horton,1,open,3316,16,NA,NA,NA,0,IM,"JL, CAE",A2305,2351,2351-02,25,25,4,4,NA,NA,NA,0,NA,NA,NA,NA,NA,54,NA,10,3,25,8,NA,NA,NA,100,NA,NA,NA,NA,0
Horton,1,open,3316,16,NA,NA,NA,0,IM,"JL, CAE",A2305,2292,2292-02,24,24,4,4,NA,NA,NA,0,NA,NA,NA,NA,NA,30,NA,15,2,30,23,NA,NA,NA,100,NA,NA,NA,NA,0
Horton,1,open,3301,1,NA,NA,NA,1,KBK,"IM, SK",B1612,2577,2577-02,21,29.4,4,5.2,NA,NA,NA,1,NA,NA,NA,NA,NA,5,NA,10,5,60,20,NA,NA,NA,100,NA,NA,NA,NA,0
Horton,1,open,3301,1,NA,NA,NA,1,KBK,"IM, SK",B1612,2375,2375-02,27,27,3,3,NA,NA,NA,0,NA,NA,NA,NA,NA,5,NA,10,NA,10,10,65,NA,NA,100,NA,NA,NA,NA,0
Horton,1,open,3301,1,NA,NA,NA,1,KBK,"IM, SK",B1612,2379,2379-02,20.5,28.7,3,3.9,NA,NA,NA,1,NA,NA,NA,NA,2,2,NA,10,5,5,5,71,NA,NA,100,NA,NA,NA,NA,0
Horton,1,open,3301,1,NA,NA,NA,1,KBK,"IM, SK",B1612,2362,2362-02,26,26,3,3,NA,NA,NA,0,NA,NA,NA,NA,NA,NA,NA,10,5,5,5,75,NA,NA,100,NA,NA,NA,NA,0
Horton,1,open,3302,2,NA,NA,NA,1,UNK,"JL, SK",B1676,2151,2151-02,17.5,17.5,3,3,NA,NA,NA,0,NA,NA,NA,NA,10,4,NA,5,NA,81,NA,NA,NA,NA,100,NA,NA,NA,NA,0
Horton,1,open,3302,2,NA,NA,NA,1,UNK,"JL, SK",B1676,2162,2162-02,18,18,4.5,4.5,NA,NA,NA,0,NA,NA,NA,NA,5,8,NA,5,NA,82,NA,NA,NA,NA,100,NA,NA,NA,NA,0
Horton,1,open,3302,2,NA,NA,NA,1,UNK,"JL, SK",B1676,2168,2168-02,17.5,24.5,3,3.9,NA,NA,NA,1,NA,NA,NA,NA,5,40,NA,5,NA,50,NA,NA,NA,NA,100,NA,NA,NA,NA,0
Horton,1,open,3302,2,NA,NA,NA,1,UNK,"JL, SK",B1676,2165,2165-02,17,23.8,2.5,3.25,NA,NA,NA,1,NA,NA,NA,NA,25,25,NA,NA,NA,40,10,NA,NA,NA,100,NA,NA,NA,NA,0
Horton,1,open,3303,3,NA,NA,NA,0,CAE,"IM, SK",B1691,2383,2383-02,13.5,13.5,5,5,NA,NA,NA,0,NA,NA,NA,NA,10,5,NA,8,8,49,20,NA,NA,NA,100,NA,NA,NA,NA,0
Horton,1,open,3303,3,NA,NA,NA,0,CAE,"IM, SK",B1691,2368,2368-02,16.5,16.5,3,3,NA,NA,NA,0,NA,NA,NA,NA,10,5,NA,5,NA,35,10,35,NA,NA,100,NA,NA,NA,NA,0
Horton,1,open,3303,3,NA,NA,NA,0,CAE,"IM, SK",B1691,2372,2372-02,23,32.2,3,3.9,NA,NA,NA,1,NA,NA,NA,NA,5,5,NA,10,5,65,10,NA,NA,NA,100,NA,NA,NA,NA,0
Horton,1,open,3303,3,NA,NA,NA,0,CAE,"IM, SK",B1691,2386,2386-02,12.5,12.5,3,3,NA,NA,NA,0,NA,NA,NA,NA,NA,2,NA,10,5,58,20,5,NA,NA,100,NA,NA,NA,NA,0
Horton,1,open,3305,5,NA,NA,NA,1,JL,"KBK, CAE",A2287,2395,2395-02,16,16,3,3,NA,NA,NA,0,NA,NA,NA,NA,1,8,NA,7,1,58,25,NA,NA,NA,100,Within 2m of legacy PIPO,NA,NA,NA,0
Horton,1,open,3305,5,NA,NA,NA,1,JL,"KBK, CAE",A2287,2393,2393-02,22,22,3,3,NA,NA,NA,0,NA,NA,NA,NA,NA,3,NA,2,1,77,17,NA,NA,NA,100,Within 2m of legacy PIPO,NA,NA,NA,0
Horton,1,open,3305,5,NA,NA,NA,1,JL,"KBK, CAE",A2287,2392,2392-02,21,29.4,3,3.9,NA,NA,NA,1,NA,NA,NA,NA,NA,40,NA,2,2,44,12,NA,NA,NA,100,Within 2m of legacy PIPO,NA,NA,NA,0
Horton,1,open,3305,5,NA,NA,NA,1,JL,"KBK, CAE",A2287,406,406-02,22,22,4,4,NA,NA,NA,0,NA,NA,NA,NA,NA,30,NA,3,NA,54,13,NA,NA,NA,100,Within 2m of legacy PIPO,NA,NA,NA,0
Horton,1,open,3306,6,NA,NA,NA,0,SK,"IM, SK",B1710,2328,2328-02,22,22,2.5,2.5,NA,NA,NA,0,NA,NA,NA,NA,NA,5,NA,NA,NA,90,NA,5,NA,NA,100,NA,NA,NA,NA,0
Horton,1,open,3306,6,NA,NA,NA,0,SK,"IM, SK",B1710,2343,2343-02,23.5,32.9,3,3.9,NA,NA,NA,1,NA,NA,NA,NA,15,20,NA,5,NA,60,NA,NA,NA,NA,100,NA,NA,NA,NA,0
Horton,1,open,3306,6,NA,NA,NA,0,SK,"IM, SK",B1710,2352,2352-02,22.5,22.5,3,3,NA,NA,NA,0,NA,NA,NA,NA,NA,NA,NA,10,NA,80,NA,10,NA,NA,100,NA,NA,NA,NA,0
Horton,1,open,3306,6,NA,NA,NA,0,SK,"IM, SK",B1710,2358,2358-02,19.5,19.5,3,3,NA,NA,NA,0,NA,NA,NA,NA,2,25,NA,8,NA,65,NA,NA,NA,NA,100,NA,NA,NA,NA,0
Horton,1,open,3307,7,NA,NA,NA,0,IM,"JL, SK",B1690,2384,2384-02,16,16,2,2,NA,NA,NA,0,NA,OE sp,90,24.5,NA,2,NA,10,NA,78,10,NA,NA,NA,100,NA,NA,NA,NA,1
Horton,1,open,3307,7,NA,NA,NA,0,IM,"JL, SK",B1690,2376,2376-02,23,32.2,3,3.9,NA,NA,NA,1,NA,OE sp,180,24.5,NA,10,NA,20,NA,70,NA,NA,NA,NA,100,NA,NA,NA,NA,1
Horton,1,open,3307,7,NA,NA,NA,0,IM,"JL, SK",B1690,2366,2366-02,19.5,19.5,4.5,4.5,NA,NA,NA,0,NA,NA,NA,NA,NA,10,NA,20,NA,66,4,NA,NA,NA,100,NA,NA,NA,NA,0
Horton,1,open,3307,7,NA,NA,NA,0,IM,"JL, SK",B1690,866,866-02,26.5,26.5,3,3,NA,NA,NA,0,NA,OE sp,113,24.5,NA,5,NA,20,NA,75,NA,NA,NA,NA,100,NA,NA,NA,NA,1
Horton,1,open,3308,8,NA,NA,NA,0,UNK,"JL, SK",B1688,2370,2370-02,24.5,24.5,4,4,NA,NA,NA,0,NA,NA,NA,NA,NA,15,NA,30,5,50,NA,NA,NA,NA,100,NA,NA,NA,NA,0
Horton,1,open,3308,8,NA,NA,NA,0,UNK,"JL, SK",B1688,2381,2381-02,16.5,16.5,4,4,NA,NA,NA,0,NA,NA,NA,NA,NA,15,NA,20,NA,65,NA,NA,NA,NA,100,NA,NA,NA,NA,0
Horton,1,open,3308,8,NA,NA,NA,0,UNK,"JL, SK",B1688,2369,2369-02,16.5,23.1,4,5.2,NA,NA,NA,1,NA,NA,NA,NA,NA,8,NA,20,NA,67,5,NA,NA,NA,100,NA,NA,NA,NA,0
Horton,1,open,3308,8,NA,NA,NA,0,UNK,"JL, SK",B1688,2380,2380-02,22,22,4,4,NA,NA,NA,0,NA,NA,NA,NA,4,8,NA,8,NA,80,NA,NA,NA,NA,100,NA,NA,NA,NA,0
Horton,1,open,3310,10,NA,NA,NA,0,JL,"JL, SK",B1683/B1684,2297,2297-02,20.5,20.5,4.5,4.5,NA,NA,NA,0,NA,NA,NA,NA,NA,15,NA,NA,NA,80,NA,5,NA,NA,100,"Rocky site, herbivory on forbs",NA,NA,NA,0
Horton,1,open,3310,10,NA,NA,NA,0,JL,"JL, SK",B1683/B1684,401,401-02,30,30,4.5,4.5,NA,NA,NA,0,NA,NA,NA,NA,10,15,NA,70,5,NA,NA,NA,NA,NA,100,"Rocky site, herbivory on forbs",NA,NA,NA,0
Horton,1,open,3310,10,NA,NA,NA,0,JL,"JL, SK",B1683/B1684,2294,2294-02,27.5,27.5,5,5,NA,NA,NA,0,NA,NA,NA,NA,NA,20,NA,NA,NA,78,2,NA,NA,NA,100,"Rocky site, herbivory on forbs",NA,NA,NA,0
Horton,1,open,3310,10,NA,NA,NA,0,JL,"JL, SK",B1683/B1684,2303,2303-02,17.5,17.5,3.5,3.5,NA,NA,NA,0,NA,NA,NA,NA,20,8,NA,15,NA,57,NA,NA,NA,NA,100,"Rocky site, herbivory on forbs",NA,NA,NA,0
Horton,1,open,3309,9,NA,NA,NA,0,IM,"JL, SK",B1682,2163,2163-02,18,25.2,3.5,4.55,NA,NA,NA,1,NA,NA,NA,NA,NA,4,NA,15,NA,71,10,NA,NA,NA,100,NA,NA,NA,NA,0
Horton,1,open,3309,9,NA,NA,NA,0,IM,"JL, SK",B1682,2143,2143-02,26,26,3.5,3.5,NA,NA,NA,0,NA,NA,NA,NA,NA,8,NA,10,NA,77,5,NA,NA,NA,100,NA,NA,NA,NA,0
Horton,1,open,3309,9,NA,NA,NA,0,IM,"JL, SK",B1682,2159,2159-02,14.5,20.3,2,2.6,NA,NA,NA,1,NA,NA,NA,NA,NA,5,NA,5,NA,85,5,NA,NA,NA,100,NA,NA,NA,NA,0
Horton,1,open,3309,9,NA,NA,NA,0,IM,"JL, SK",B1682,2396,2396-02,19,19,3,3,NA,NA,NA,0,NA,NA,NA,NA,NA,8,NA,5,NA,87,NA,NA,NA,NA,100,NA,NA,NA,NA,0
Horton,1,open,3311,11,NA,NA,NA,1,UNK,"JL, SK",B1677,2149,2149-02,38.5,38.5,5,5,NA,NA,NA,0,NA,NA,NA,NA,NA,8,NA,NA,10,82,NA,NA,NA,NA,100,NA,NA,NA,NA,0
Horton,1,open,3311,11,NA,NA,NA,1,UNK,"JL, SK",B1677,2158,2158-02,32,44.8,4.5,5.85,NA,NA,NA,1,NA,NA,NA,NA,5,10,NA,5,8,72,NA,NA,NA,NA,100,NA,NA,NA,NA,0
Horton,1,open,3311,11,NA,NA,NA,1,IM,"JL, SK",B1677,2157,2157-02,23.5,32.9,4.5,5.85,NA,NA,NA,1,NA,NA,NA,NA,25,10,NA,5,NA,55,5,NA,NA,NA,100,NA,NA,NA,NA,0
Horton,1,open,3311,11,NA,NA,NA,1,IM,"JL, SK",B1677,2166,2166-02,29,29,4,4,NA,NA,NA,0,NA,NA,NA,NA,10,5,NA,10,NA,45,30,NA,NA,NA,100,NA,NA,NA,NA,0
Horton,1,open,3312,12,NA,NA,NA,1,IM,"IM, SK",B1714,2222,2222-02,23.5,23.5,3,3,NA,NA,NA,0,NA,NA,NA,NA,NA,8,NA,10,NA,77,5,NA,NA,NA,100,NA,NA,NA,NA,0
Horton,1,open,3312,12,NA,NA,NA,1,IM,"IM, SK",B1714,2253,2253-02,25,25,5,5,NA,NA,NA,0,NA,NA,NA,NA,NA,15,NA,5,NA,60,10,10,NA,NA,100,NA,NA,NA,NA,0
Horton,1,open,3312,12,NA,NA,NA,1,IM,"IM, SK",B1714,2248,2248-02,22,22,4.5,4.5,NA,NA,NA,0,NA,NA,NA,NA,NA,10,NA,10,NA,75,5,NA,NA,NA,100,NA,NA,NA,NA,0
Horton,1,open,3312,12,NA,NA,NA,1,IM,"IM, SK",B1714,2247,2247-02,19.5,19.5,3,3,NA,NA,NA,0,NA,NA,NA,NA,NA,10,NA,20,NA,65,5,NA,NA,NA,100,NA,NA,NA,NA,0
Horton,1,open,3313,13,NA,NA,NA,1,UNK,"JL, SK",B1687,2387,2387-02,9.5,9.5,3,3,NA,NA,NA,0,NA,NA,NA,NA,NA,10,NA,35,4,46,5,NA,NA,NA,100,NA,NA,NA,NA,0
Horton,1,open,3313,13,NA,NA,NA,1,UNK,"JL, SK",B1687,2367,2367-02,15,15,4,4,NA,NA,NA,0,NA,NA,NA,NA,10,30,NA,10,NA,50,NA,NA,NA,NA,100,NA,NA,NA,NA,0
Horton,1,open,3313,13,NA,NA,NA,1,UNK,"JL, SK",B1687,2361,2361-02,18,18,3.5,3.5,NA,NA,NA,0,NA,ROWO,141,16,NA,8,NA,30,NA,62,NA,NA,NA,NA,100,NA,NA,NA,NA,1
Horton,1,open,3313,13,NA,NA,NA,1,UNK,"JL, SK",B1687,2371,2371-02,21,29.4,3,3.9,NA,NA,NA,1,NA,ROWO,75,16,NA,15,NA,15,NA,65,5,NA,NA,NA,100,NA,NA,NA,NA,1
Horton,1,open,3314,14,NA,NA,NA,1,UNK,"JL, SK",B1689,2390,2390-02,19.5,19.5,3.5,3.5,NA,NA,NA,0,NA,NA,NA,NA,15,8,NA,20,NA,52,5,NA,NA,NA,100,NA,NA,NA,NA,0
Horton,1,open,3314,14,NA,NA,NA,1,UNK,"JL, SK",B1689,2389,2389-02,28.5,39.9,4,5.2,NA,NA,NA,1,NA,NA,NA,NA,NA,10,NA,10,NA,72,8,NA,NA,NA,100,NA,NA,NA,NA,0
Horton,1,open,3314,14,NA,NA,NA,1,UNK,"JL, SK",B1689,2388,2388-02,15.5,21.7,3,3.9,NA,NA,NA,1,NA,NA,NA,NA,NA,25,NA,10,NA,65,NA,NA,NA,NA,100,NA,NA,NA,NA,0
Horton,1,open,3314,14,NA,NA,NA,1,UNK,"JL, SK",B1689,2377,2377-02,14.5,14.5,3,3,NA,NA,NA,0,NA,NA,NA,NA,5,15,NA,10,NA,70,NA,NA,NA,NA,100,NA,NA,NA,NA,0
Horton,1,open,3315,15,NA,NA,NA,1,JL,"JL, SK",B1685,402,402-02,15.5,15.5,3,3,NA,NA,NA,0,NA,NA,NA,NA,15,10,NA,NA,4,46,25,NA,NA,NA,100,NA,NA,NA,NA,0
Horton,1,open,3315,15,NA,NA,NA,1,JL,"JL, SK",B1685,2397,2397-02,13.5,18.9,4.5,5.85,NA,NA,NA,1,NA,NA,NA,NA,8,30,NA,4,5,53,NA,NA,NA,NA,100,NA,NA,NA,NA,0
Horton,1,open,3315,15,NA,NA,NA,1,JL,"JL, SK",B1685,2202,2202-02,18.5,18.5,4.5,4.5,NA,NA,NA,0,NA,NA,NA,NA,8,10,NA,10,NA,72,NA,NA,NA,NA,100,NA,NA,NA,NA,0
Horton,1,open,3315,15,NA,NA,NA,1,JL,"JL, SK",B1685,405,405-02,23,23,4.5,4.5,NA,NA,NA,0,NA,NA,NA,NA,15,15,NA,20,NA,45,5,NA,NA,NA,100,NA,NA,NA,NA,0
Horton,1,open,3317,17,NA,NA,NA,1,SK,"IM, SK",B1703,2354,2354-02,26,26,3.5,3.5,NA,NA,NA,0,NA,NA,NA,NA,NA,NA,NA,15,NA,75,10,NA,NA,NA,100,NA,NA,NA,NA,0
Horton,1,open,3317,17,NA,NA,NA,1,SK,"IM, SK",B1703,2203,2203-02,25,25,3,3,NA,NA,NA,0,NA,NA,NA,NA,2,5,NA,8,NA,20,25,40,NA,NA,100,NA,NA,NA,NA,0
Horton,1,open,3317,17,NA,NA,NA,1,SK,"IM, SK",B1703,2110,2110-02,26,26,4,4,NA,NA,NA,0,NA,NA,NA,NA,8,NA,NA,20,NA,54,8,10,NA,NA,100,NA,NA,NA,NA,0
Horton,1,open,3317,17,NA,NA,NA,1,SK,"IM, SK",B1703,2108,2108-02,24.5,24.5,3.5,3.5,NA,NA,NA,0,NA,NA,NA,NA,1,NA,NA,8,NA,71,10,10,NA,NA,100,NA,NA,NA,NA,0
Horton,1,open,3320,20,NA,NA,NA,0,JL,"KBK, CAE",A2290,2483,2483-02,30,30,3,3,NA,NA,NA,0,NA,NA,NA,NA,14,28,NA,4,4,2,48,NA,NA,NA,100,NA,NA,NA,NA,0
Horton,1,open,3320,20,NA,NA,NA,0,JL,"KBK, CAE",A2290,2486,2486-02,23,23,3,3,NA,NA,NA,0,NA,NA,NA,NA,13,11,NA,15,3,14,44,NA,NA,NA,100,NA,NA,NA,NA,0
Horton,1,open,3320,20,NA,NA,NA,0,JL,"KBK, CAE",A2290,2478,2478-02,19.5,27.3,3,3.9,NA,NA,NA,1,NA,NA,NA,NA,6,44,NA,5,6,15,24,NA,NA,NA,100,NA,NA,NA,NA,0
Horton,1,open,3320,20,NA,NA,NA,0,JL,"KBK, CAE",A2290,2449,2449-02,21,29.4,3,3.9,NA,NA,NA,1,NA,NA,NA,NA,NA,38,NA,16,7,28,11,NA,NA,NA,100,NA,NA,NA,NA,0
Horton,1,open,3321,21,NA,NA,NA,1,JL,"KBK, CAE",A2282,2112,2112-02,17,17,3,3,NA,NA,NA,0,NA,NA,NA,NA,50,1,NA,NA,NA,38,11,NA,NA,NA,100,NA,NA,NA,NA,0
Horton,1,open,3321,21,NA,NA,NA,1,JL,"KBK, CAE",A2282,2119,2119-02,23.5,32.9,4,5.2,NA,NA,NA,1,NA,NA,NA,NA,12,24,16,1,NA,12,25,NA,NA,NA,90,NA,NA,52,57.80%,0
Horton,1,open,3321,21,NA,NA,NA,1,JL,"KBK, CAE",A2282,2120,2120-02,27,27,4,4,NA,NA,NA,0,NA,NA,NA,NA,8,36,5,4,2,10,35,NA,NA,NA,100,NA,NA,49,49.00%,0
Horton,1,open,3321,21,NA,NA,NA,1,JL,"KBK, CAE",A2282,2107,2107-02,20,28,3,3.9,NA,NA,NA,1,NA,NA,NA,NA,16,15,42,14,3,10,NA,NA,NA,NA,100,NA,NA,73,73.00%,0
Horton,1,open,3322,22,NA,NA,NA,0,SK,"IM, SK",B1712,2334,2334-02,17.5,17.5,4,4,NA,NA,NA,0,NA,NA,NA,NA,15,8,NA,NA,2,60,5,10,NA,NA,100,NA,NA,NA,NA,0
Horton,1,open,3322,22,NA,NA,NA,0,SK,"IM, SK",B1712,2342,2342-02,14.5,20.3,2.5,3.25,NA,NA,NA,1,NA,NA,NA,NA,8,2,NA,NA,NA,75,NA,15,NA,NA,100,NA,NA,NA,NA,0
Horton,1,open,3322,22,NA,NA,NA,0,SK,"IM, SK",B1712,2329,2329-02,15.5,15.5,3,3,NA,NA,NA,0,NA,NA,NA,NA,NA,10,NA,5,10,75,NA,NA,NA,NA,100,NA,NA,NA,NA,0
Horton,1,open,3322,22,NA,NA,NA,0,SK,"IM, SK",B1712,2300,2300-02,18.5,18.5,3,3,NA,NA,NA,0,NA,NA,NA,NA,2,8,NA,8,NA,52,10,10,NA,NA,90,NA,NA,NA,NA,0
Horton,1,open,3323,23,NA,NA,NA,0,JL,"KBK, CAE",A2302,2282,2282-02,27,27,3,3,NA,NA,NA,0,NA,NA,NA,NA,6,30,NA,15,4,40,5,NA,NA,NA,100,NA,NA,NA,NA,0
Horton,1,open,3323,23,NA,NA,NA,0,JL,"KBK, CAE",A2302,2285,2285-02,19,19,2,2,NA,NA,NA,0,NA,NA,NA,NA,5,30,NA,4,2,49,10,NA,NA,NA,100,NA,NA,NA,NA,0
Horton,1,open,3323,23,NA,NA,NA,0,JL,"KBK, CAE",A2302,2490,2490-02,28,28,4,4,NA,NA,NA,0,NA,NA,NA,NA,20,30,NA,10,8,22,10,NA,NA,NA,100,NA,NA,NA,NA,0
Horton,1,open,3323,23,NA,NA,NA,0,JL,"KBK, CAE",A2302,2492,2492-02,22,22,4,4,NA,NA,NA,0,NA,NA,NA,NA,5,31,NA,4,3,47,10,NA,NA,NA,100,NA,NA,NA,NA,0
Horton,1,open,3324,24,NA,NA,NA,1,IM,"KBK, CAE",A2301,2489,2489-02,23,23,2,2,NA,NA,NA,0,NA,NA,NA,NA,25,30,NA,4,8,18,15,NA,NA,NA,100,NA,NA,NA,NA,0
Horton,1,open,3324,24,NA,NA,NA,1,IM,"KBK, CAE",A2301,2290,2290-02,24,24,2,2,NA,NA,NA,0,NA,NA,NA,NA,60,24,NA,2,1,10,3,NA,NA,NA,100,NA,NA,NA,NA,0
Horton,1,open,3324,24,NA,NA,NA,1,IM,"KBK, CAE",A2301,2496,2496-02,23,23,3,3,NA,NA,NA,0,NA,NA,NA,NA,50,22,NA,4,3,20,1,NA,NA,NA,100,NA,NA,NA,NA,0
Horton,1,open,3324,24,NA,NA,NA,1,IM,"KBK, CAE",A2301,2291,2291-02,25,25,3,3,NA,NA,NA,0,NA,NA,NA,NA,59,15,NA,2,2,20,2,NA,NA,NA,100,NA,NA,NA,NA,0
Horton,1,open,3325,25,NA,NA,NA,0,JL,"KBK, CAE",A2304,2493,2493-02,15,15,3,3,NA,NA,NA,0,NA,NA,NA,NA,5,12,NA,10,3,48,22,NA,NA,NA,100,NA,NA,NA,NA,0
Horton,1,open,3325,25,NA,NA,NA,0,JL,"KBK, CAE",A2304,2208,2208-02,14,14,4,4,NA,NA,NA,0,NA,NA,NA,NA,NA,9,NA,8,NA,60,23,NA,NA,NA,100,NA,NA,NA,NA,0
Horton,1,open,3325,25,NA,NA,NA,0,JL,"KBK, CAE",A2304,2499,2499-02,14,19.6,3,3.9,NA,NA,NA,1,NA,NA,NA,NA,NA,29,NA,12,4,40,15,NA,NA,NA,100,NA,NA,NA,NA,0
Horton,1,open,3325,25,NA,NA,NA,0,JL,"KBK, CAE",A2304,2286,2286-02,21,29.4,3,3.9,NA,NA,NA,1,NA,NA,NA,NA,6,10,NA,11,3,58,12,NA,NA,NA,100,NA,NA,NA,NA,0
Horton,1,open,3326,26,NA,NA,NA,1,SK,"IM, SK",B1701,2325,2325-02,18,18,3,3,NA,NA,NA,0,NA,NA,NA,NA,NA,NA,NA,15,10,40,30,5,NA,NA,100,NA,NA,NA,NA,0
Horton,1,open,3326,26,NA,NA,NA,1,SK,"IM, SK",B1701,2326,2326-02,14.5,14.5,3,3,NA,NA,NA,0,NA,NA,NA,NA,NA,5,NA,15,NA,50,20,10,NA,NA,100,NA,NA,NA,NA,0
Horton,1,open,3326,26,NA,NA,NA,1,SK,"IM, SK",B1701,2305,2305-02,14.5,14.5,3,3,NA,NA,NA,0,NA,NA,NA,NA,30,2,NA,15,NA,33,20,NA,NA,NA,100,NA,NA,NA,NA,0
Horton,1,open,3326,26,NA,NA,NA,1,SK,"IM, SK",B1701,2353,2353-02,16,16,3.5,3.5,NA,NA,NA,0,NA,NA,NA,NA,8,NA,NA,20,NA,15,10,47,NA,NA,100,NA,NA,NA,NA,0
Horton,1,open,3327,27,NA,NA,NA,0,IM,"KBK, CAE",A2299,2273,2273-02,23,23,4,4,NA,NA,NA,0,NA,NA,NA,NA,7,17,NA,6,2,53,15,NA,NA,NA,100,NA,NA,NA,NA,0
Horton,1,open,3327,27,NA,NA,NA,0,IM,"KBK, CAE",A2299,2454,2454-02,25,25,4,4,NA,NA,NA,0,NA,NA,NA,NA,NA,4,NA,10,3,78,5,NA,NA,NA,100,NA,NA,NA,NA,0
Horton,1,open,3327,27,NA,NA,NA,0,IM,"KBK, CAE",A2299,2271,2271-02,33,33,4,4,NA,NA,NA,0,NA,NA,NA,NA,NA,25,NA,8,7,50,10,NA,NA,NA,100,NA,NA,NA,NA,0
Horton,1,open,3327,27,NA,NA,NA,0,IM,"KBK, CAE",A2299,2466,2466-02,26,26,4,4,NA,NA,NA,0,NA,NA,NA,NA,4,25,1,7,6,53,4,NA,NA,NA,100,NA,NA,30,30.00%,0
Horton,1,open,3329,29,NA,NA,NA,0,JL,"KBK, CAE",A2300,2465,2465-02,25,25,4,4,NA,NA,NA,0,NA,NA,NA,NA,10,24,3,6,NA,54,3,NA,NA,NA,100,NA,NA,37,37.00%,0
Horton,1,open,3329,29,NA,NA,NA,0,JL,"KBK, CAE",A2300,2267,2267-02,23,23,5,5,NA,NA,NA,0,NA,NA,NA,NA,1,30,10,2,3,44,10,NA,NA,NA,100,NA,NA,41,41.00%,0
Horton,1,open,3329,29,NA,NA,NA,0,JL,"KBK, CAE",A2300,2462,2462-02,20,20,5,5,NA,NA,NA,0,NA,NA,NA,NA,13,50,NA,5,2,27,3,NA,NA,NA,100,NA,NA,NA,NA,0
Horton,1,open,3329,29,NA,NA,NA,0,JL,"KBK, CAE",A2300,2266,2266-02,23,23,4,4,NA,NA,NA,0,NA,NA,NA,NA,10,14,5,10,NA,54,7,NA,NA,NA,100,NA,NA,29,29.00%,0
Horton,1,open,3330,30,NA,NA,NA,0,JL,"KBK, CAE",A2283,2114,2114-02,18,18,3,3,NA,NA,NA,0,NA,NA,NA,NA,NA,30,NA,5,8,45,12,NA,NA,NA,100,NA,NA,NA,NA,0
Horton,1,open,3330,30,NA,NA,NA,0,JL,"KBK, CAE",A2283,2140,2140-02,10,10,4,4,NA,NA,NA,0,NA,NA,NA,NA,14,12,NA,24,2,36,12,NA,NA,NA,100,NA,NA,NA,NA,0
Horton,1,open,3330,30,NA,NA,NA,0,JL,"KBK, CAE",A2283,2128,2128-02,24,24,3,3,NA,NA,NA,0,NA,NA,NA,NA,1,18,5,2,9,40,25,NA,NA,NA,100,NA,NA,24,24.00%,0
Horton,1,open,3330,30,NA,NA,NA,0,JL,"KBK, CAE",A2283,2139,2139-02,24,24,4,4,NA,NA,NA,0,NA,NA,NA,NA,NA,2,3,NA,5,86,4,NA,NA,NA,100,NA,NA,NA,NA,0
Horton ,1,snag,3101,1,PSME,25,2,0,UNK,"IM, SK",B1695,2504,2504-02,25.5,25.5,4,4,290,19,NA,1,NA,NA,NA,NA,2,5,NA,4,NA,34,5,NA,NA,NA,50,NA,0.342020143,NA,NA,0
Horton ,1,snag,3101,1,PSME,25,2,0,UNK,"IM, SK",B1695,2378,2378-02,25,35,3.5,4.55,350,13,NA,1,NA,NA,NA,NA,8,2,NA,4,8,13,5,10,NA,NA,50,NA,0.984807753,NA,NA,0
Horton ,1,snag,3101,1,PSME,25,2,0,UNK,"IM, SK",B1695,2373,2373-02,19,19,4,4,100,15.5,NA,0,NA,NA,NA,NA,35,10,NA,1,NA,4,NA,NA,NA,NA,50,NA,-0.173648178,NA,NA,0
Horton ,1,snag,3101,1,PSME,25,2,0,UNK,"IM, SK",B1695,2336,2336-02,22.5,22.5,3.5,3.5,300,17.5,NA,1,NA,NA,NA,NA,5,8,NA,NA,NA,25,12,NA,NA,NA,50,NA,0.5,NA,NA,0
Horton ,1,snag,3102,2,PSME,34,1,1,JL,"KBK, CAE",A2277,2173,2173-02,23.5,23.5,3,3,350,16,NA,1,NA,POTR,135,26,1,3,NA,13,NA,13,20,NA,NA,NA,50,NA,0.984807753,NA,NA,1
Horton ,1,snag,3102,2,PSME,34,1,1,JL,"KBK, CAE",A2277,2182,2182-02,27,37.8,5,6.5,210,13,NA,1,NA,POTR,135,26,1,NA,NA,8,10,19,12,NA,NA,NA,50,NA,-0.866025404,NA,NA,1
Horton ,1,snag,3102,2,PSME,34,1,1,JL,"KBK, CAE",A2277,2184,2184-02,19.5,19.5,4,4,180,16.5,NA,0,NA,POTR,50,10,1,NA,1,13,NA,15,20,NA,NA,NA,50,NA,-1,NA,NA,1
Horton ,1,snag,3102,2,PSME,34,1,1,JL,"KBK, CAE",A2277,2174,2174-02,30,30,5,5,70,12,NA,1,NA,POTR,65,10,1,1,NA,5,NA,12,31,NA,NA,NA,50,NA,0.342020143,NA,NA,1
Horton ,1,snag,3104,4,PIPO,66,0,1,IM,"JL, SK",B1686,2302,2302-02,32,32,4.5,4.5,150,24.5,NA,1,NA,NA,NA,NA,NA,2,NA,8,NA,20,20,NA,NA,NA,50,Living tree,-0.866025404,NA,NA,0
Horton ,1,snag,3104,4,PIPO,66,0,1,IM,"JL, SK",B1686,2298,2298-02,32,32,5,5,230,23,NA,1,NA,NA,NA,NA,NA,2,NA,8,5,30,5,NA,NA,NA,50,Living tree,-0.64278761,NA,NA,0
Horton ,1,snag,3104,4,PIPO,66,0,1,IM,"JL, SK",B1686,2295,2295-02,22,22,3,3,320,34,NA,1,NA,NA,NA,NA,4,2,NA,10,NA,34,NA,NA,NA,NA,50,Living tree,0.766044443,NA,NA,0
Horton ,1,snag,3104,4,PIPO,66,0,1,IM,"JL, SK",B1686,2399,2399-02,23,23,4.5,4.5,70,28.5,NA,1,NA,NA,NA,NA,NA,2,NA,5,NA,38,5,NA,NA,NA,50,Living tree,0.342020143,NA,NA,0
Horton ,1,snag,3105,5,PSME,23.5,1,0,JL,"KBK, CAE",A2289,2280,2280-02,23,23,3,3,340,28.5,NA,1,NA,NA,NA,NA,3,6,NA,2,3,11,25,NA,NA,NA,50,NA,0.939692621,NA,NA,0
Horton ,1,snag,3105,5,PSME,23.5,1,0,JL,"KBK, CAE",A2289,2482,2482-02,21,21,3,3,20,17,NA,1,NA,NA,NA,NA,14,2,NA,4,5,10,15,NA,NA,NA,50,NA,0.939692621,NA,NA,0
Horton ,1,snag,3105,5,PSME,23.5,1,0,JL,"KBK, CAE",A2289,2444,2444-02,21,21,4,4,150,10,NA,1,NA,NA,NA,NA,29,1,2,5,2,4,7,NA,NA,NA,50,NA,-0.866025404,32,64.00%,0
Horton ,1,snag,3105,5,PSME,23.5,1,0,JL,"KBK, CAE",A2289,2445,2445-02,23,23,4,4,320,13,NA,1,NA,NA,NA,NA,4,1,5,3,NA,25,12,NA,NA,NA,50,NA,0.766044443,10,20.00%,0
Horton ,1,snag,3106,6,PSME,19.5,2,0,SK,"IM, SK",B1711,2348,2348-02,22,22,3,3,10,19,NA,1,NA,NA,NA,NA,43,2,NA,NA,NA,NA,NA,5,NA,NA,50,NA,0.984807753,NA,NA,0
Horton ,1,snag,3106,6,PSME,19.5,2,0,SK,"IM, SK",B1711,2344,2344-02,22,22,2.5,2.5,120,20.5,NA,1,NA,NA,NA,NA,NA,10,NA,8,NA,22,10,NA,NA,NA,50,NA,-0.5,NA,NA,0
Horton ,1,snag,3106,6,PSME,19.5,2,0,SK,"IM, SK",B1711,2391,2391-02,18.5,18.5,4,4,230,25.5,NA,0,NA,NA,NA,NA,5,8,NA,NA,NA,27,10,NA,NA,NA,50,NA,-0.64278761,NA,NA,0
Horton ,1,snag,3106,6,PSME,19.5,2,0,SK,"IM, SK",B1711,403,403-02,14,19.6,2.5,3.25,310,14.5,NA,1,NA,NA,NA,NA,5,NA,NA,20,NA,20,5,NA,NA,NA,50,NA,0.64278761,NA,NA,0
Horton ,1,snag,3107,7,PSME,38,2,0,SK,"IM, SK",B1204,2337,2337-02,16.5,16.5,4,4,360,13,NA,0,NA,NA,NA,NA,NA,NA,NA,NA,5,10,25,10,NA,NA,50,NA,1,NA,NA,0
Horton ,1,snag,3107,7,PSME,38,2,0,SK,"IM, SK",B1204,2323,2323-02,19.5,27.3,3,3.9,270,21.5,NA,1,NA,NA,NA,NA,25,NA,NA,5,NA,NA,20,NA,NA,NA,50,NA,-1.84E-16,NA,NA,0
Horton ,1,snag,3107,7,PSME,38,2,0,SK,"IM, SK",B1204,2340,2340-02,19.5,19.5,3,3,210,22.5,NA,0,NA,NA,NA,NA,29,2,NA,NA,4,NA,5,10,NA,NA,50,NA,-0.866025404,NA,NA,0
Horton ,1,snag,3107,7,PSME,38,2,0,SK,"IM, SK",B1204,2101,2101-02,15,15,3.5,3.5,110,20,NA,0,NA,NA,NA,NA,34,NA,NA,6,NA,5,5,NA,NA,NA,50,NA,-0.342020143,NA,NA,0
Horton ,1,snag,3108,8,UNK,33,3,0,SK,"IM, SK",B1702,2115,2115-02,24,33.6,3,3.9,50,27.5,NA,1,NA,NA,NA,NA,5,3,NA,8,2,32,NA,NA,NA,NA,50,"too rocky, only two seedlings ",0.64278761,NA,NA,0
Horton ,1,snag,3108,8,UNK,33,3,0,SK,"IM, SK",B1702,2339,2339-02,21,21,4,4,300,16,NA,0,NA,NA,NA,NA,5,2,NA,10,NA,33,NA,NA,NA,NA,50,"too rocky, only two seedlings ",0.5,NA,NA,0
Horton ,1,snag,3109,9,PSME,44,1,0,CAE,"KBK, CAE",A2280-A2281,2104,2104-02,30,30,3,3,280,15.5,NA,1,NA,NA,NA,NA,1,NA,13,7,NA,24,5,NA,NA,NA,50,NA,0.173648178,NA,NA,0
Horton ,1,snag,3109,9,PSME,44,1,0,CAE,"KBK, CAE",A2280-A2282,2121,2121-02,16,22.4,4,5.2,210,15,NA,1,NA,NA,NA,NA,NA,1,NA,7,2,8,32,NA,NA,NA,50,NA,-0.866025404,NA,NA,0
Horton ,1,snag,3109,9,PSME,44,1,0,CAE,"KBK, CAE",A2280-A2283,2196,2196-02,24,33.6,3,3.9,150,22,NA,1,NA,NA,NA,NA,1,8,NA,5,1,3,32,NA,NA,NA,50,NA,-0.866025404,NA,NA,0
Horton ,1,snag,3109,9,PSME,44,1,0,CAE,"KBK, CAE",A2280-A2284,2191,2191-02,17,17,4,4,30,14,NA,0,NA,NA,NA,NA,3,NA,NA,2,1,16,28,NA,NA,NA,50,NA,0.866025404,NA,NA,0
Horton ,1,snag,3110,10,PSME,27,1,1,JL,"KBK, CAE",A2286,2204,2204-02,22,22,4,4,140,14,NA,1,NA,NA,NA,NA,7,12,5,1,1,24,NA,NA,NA,NA,50,NA,-0.766044443,24,48.00%,0
Horton ,1,snag,3110,10,PSME,27,1,1,JL,"KBK, CAE",A2286,2398,2398-02,16,22.4,4,5.2,80,10,NA,1,NA,NA,NA,NA,17,11,NA,7,1,14,NA,NA,NA,NA,50,NA,0.173648178,NA,NA,0
Horton ,1,snag,3110,10,PSME,27,1,1,JL,"KBK, CAE",A2286,2113,2113-02,20.5,20.5,3,3,10,12,NA,0,NA,NA,NA,NA,15,5,NA,3,15,11,1,NA,NA,NA,50,NA,0.984807753,NA,NA,0
Horton ,1,snag,3110,10,PSME,27,1,1,JL,"KBK, CAE",A2286,2127,2127-02,19,19,4,4,190,24,NA,1,NA,NA,NA,NA,6,NA,17,1,NA,26,NA,NA,NA,NA,50,NA,-0.984807753,NA,NA,0
Horton ,1,snag,3111,11,PSME,45,1,0,JL,"KBK, JL",B1721,2265,2265-02,12,12,3,3,20,17,NA,0,NA,NA,NA,NA,NA,2,NA,5,NA,33,10,NA,NA,NA,50,NA,0.939692621,NA,NA,0
Horton ,1,snag,3111,11,PSME,45,1,0,JL,"KBK, JL",B1721,2415,2415-02,25,25,4,4,125,4,NA,1,NA,NA,NA,NA,NA,10,NA,5,NA,30,5,NA,NA,NA,50,NA,-0.573576436,NA,NA,0
Horton ,1,snag,3111,11,PSME,45,1,0,JL,"KBK, JL",B1721,2414,2414-02,30,30,3,3,220,14,NA,1,NA,NA,NA,NA,NA,2,NA,3,4,31,10,NA,NA,NA,50,NA,-0.766044443,NA,NA,0
Horton ,1,snag,3111,11,PSME,45,1,0,JL,"KBK, JL",B1721,2407,2407-02,22,22,4,4,290,27,NA,1,NA,NA,NA,NA,NA,NA,NA,7,10,28,5,NA,NA,NA,50,NA,0.342020143,NA,NA,0
Horton ,1,snag,3112,12,PIPO,37,1,1,JL,"JL, CAE",A2309,2284,2284-02,20,20,3,3,280,9,NA,1,NA,NA,NA,NA,4,3,NA,2,17,19,5,NA,NA,NA,50,NA,0.173648178,NA,NA,0
Horton ,1,snag,3112,12,PIPO,37,1,1,JL,"JL, CAE",A2309,2497,2497-02,25,25,4,4,190,11.5,NA,1,NA,NA,NA,NA,NA,4,NA,3,6,17,20,NA,NA,NA,50,NA,-0.984807753,NA,NA,0
Horton ,1,snag,3112,12,PIPO,37,1,1,JL,"JL, CAE",A2309,2474,2474-02,30,30,5,5,160,16,NA,1,NA,NA,NA,NA,NA,15,NA,2,3,22,8,NA,NA,NA,50,NA,-0.939692621,NA,NA,0
Horton ,1,snag,3112,12,PIPO,37,1,1,JL,"JL, CAE",A2309,2274,2274-02,28,39.2,3,3.9,40,14,NA,1,NA,NA,NA,NA,NA,9,NA,10,2,22,7,NA,NA,NA,50,NA,0.766044443,NA,NA,0
Horton ,1,snag,3113,13,PSME,35,2,0,JL,"JL, SK",B1696,2301,2301-02,12.5,12.5,3,3,120,8.5,NA,1,NA,UNK,80,17.5,25,NA,NA,2,NA,23,NA,NA,NA,NA,50,UNK COMP photo no. B1697,-0.5,NA,NA,1
Horton ,1,snag,3113,13,PSME,35,2,0,JL,"JL, SK",B1696,2209,2209-02,24,24,3,3,210,11,NA,0,NA,UNK,110,17.5,2,2,NA,2,NA,24,20,NA,NA,NA,50,UNK COMP photo no. B1697,-0.866025404,NA,NA,1
Horton ,1,snag,3113,13,PSME,35,2,0,JL,"JL, SK",B1696,2360,2360-02,23.5,32.9,4,5.2,280,5.5,NA,1,NA,NA,NA,NA,15,2,NA,10,NA,13,10,NA,NA,NA,50,NA,0.173648178,NA,NA,0
Horton ,1,snag,3113,13,PSME,35,2,0,JL,"JL, SK",B1696,2382,2382-02,25,25,4,4,40,17.5,NA,1,NA,UNK,127,17.5,10,2,NA,2,NA,26,10,NA,NA,NA,50,UNK COMP photo no. B1697,0.766044443,NA,NA,1
Horton ,1,snag,3114,14,PSME,27.5,1,1,JL,"KBK, CAE",A2285,2102,2102-02,13,18.2,3,3.9,290,10.5,NA,1,NA,NA,NA,NA,6,2,NA,8,1,17,16,NA,NA,NA,50,NA,0.342020143,NA,NA,0
Horton ,1,snag,3114,14,PSME,27.5,1,1,JL,"KBK, CAE",A2285,2109,2109-02,30,30,5,5,200,10,NA,0,NA,NA,NA,NA,1,6,NA,1,6,18,18,NA,NA,NA,50,NA,-0.939692621,NA,NA,0
Horton ,1,snag,3114,14,PSME,27.5,1,1,JL,"KBK, CAE",A2285,2118,2118-02,18,18,3,3,115,8.5,NA,1,NA,NA,NA,NA,1,1,2,NA,7,18,21,NA,NA,NA,50,NA,-0.422618262,4,8.00%,0
Horton ,1,snag,3114,14,PSME,27.5,1,1,JL,"KBK, CAE",A2285,2122,2122-02,31,43.4,4,5.2,45,19,NA,1,NA,NA,NA,NA,NA,1,NA,6,2,35,6,NA,NA,NA,50,NA,0.707106781,NA,NA,0
Horton ,1,snag,3115,15,PSME,40.5,1,1,CAE,"KBK, CAE",A2279,2192,2192-02,24,24,3,3,75,16,NA,0,NA,NA,NA,NA,NA,1,NA,21,1,8,19,NA,NA,NA,50,NA,0.258819045,NA,NA,0
Horton ,1,snag,3115,15,PSME,40.5,1,1,CAE,"KBK, CAE",A2279,2183,2183-02,19,19,3,3,130,18,NA,1,NA,NA,NA,NA,NA,3,2,13,NA,2,30,NA,NA,NA,50,NA,-0.64278761,NA,NA,0
Horton ,1,snag,3115,15,PSME,40.5,1,1,CAE,"KBK, CAE",A2279,2199,2199-02,19,19,3,3,250,10,NA,1,NA,NA,NA,NA,NA,11,NA,20,NA,2,17,NA,NA,NA,50,NA,-0.342020143,NA,NA,0
Horton ,1,snag,3115,15,PSME,40.5,1,1,CAE,"KBK, CAE",A2279,2187,2187-02,15,15,3,3,290,15,NA,1,NA,NA,NA,NA,NA,7,NA,6,4,NA,33,NA,NA,NA,50,NA,0.342020143,NA,NA,0
Horton ,1,snag,3116,16,PSME,33,2,0,IM,"IM, SK",B1715,2232,2232-02,23.5,23.5,4,4,290,16,NA,1,NA,NA,NA,NA,NA,2,NA,25,NA,23,NA,NA,NA,NA,50,NA,0.342020143,NA,NA,0
Horton ,1,snag,3116,16,PSME,33,2,0,IM,"IM, SK",B1715,2248,2248-02,22,22,4,4,210,51,NA,1,NA,NA,NA,NA,NA,NA,NA,5,NA,43,NA,2,NA,NA,50,NA,-0.866025404,NA,NA,0
Horton ,1,snag,3116,16,PSME,33,2,0,IM,"IM, SK",B1715,2251,2251-02,25.5,35.7,3.5,4.55,60,18.5,NA,1,NA,NA,NA,NA,NA,NA,NA,10,2,38,NA,NA,NA,NA,50,NA,0.5,NA,NA,0
Horton ,1,snag,3116,16,PSME,33,2,0,IM,"IM, SK",B1715,2226,2226-02,26,26,4,4,20,28.5,NA,0,NA,NA,NA,NA,NA,NA,NA,5,NA,45,NA,NA,NA,NA,50,NA,0.939692621,NA,NA,0
Horton ,1,snag,3117,17,PSME,22,2,1,JL,"JL, CAE",A2317,2408,2408-02,17,17,4,4,270,16,NA,0,NA,NA,NA,NA,NA,9,NA,2,1,33,5,NA,NA,NA,50,NA,-1.84E-16,NA,NA,0
Horton ,1,snag,3117,17,PSME,22,2,1,JL,"JL, CAE",A2317,2317,2317-02,24,33.6,3,3.9,160,12,NA,1,NA,NA,NA,NA,NA,8,NA,3,3,30,6,NA,NA,NA,50,NA,-0.939692621,NA,NA,0
Horton ,1,snag,3117,17,PSME,22,2,1,JL,"JL, CAE",A2317,2404,2404-02,20,28,4,5.2,140,17,NA,1,NA,NA,NA,NA,NA,6,NA,9,6,28,1,NA,NA,NA,50,NA,-0.766044443,NA,NA,0
Horton ,1,snag,3117,17,PSME,22,2,1,JL,"JL, CAE",A2317,2416,2416-02,23,23,3,3,20,21,NA,0,NA,NA,NA,NA,4,8,NA,8,5,21,4,NA,NA,NA,50,NA,0.939692621,NA,NA,0
Horton ,1,snag,3118,18,PSME,45,1,0,JL,"KBK, CAE",A2292,2485,2485-02,21,21,3,3,340,13.5,NA,0,NA,POTR,120,80,4,8,NA,6,2,26,4,NA,NA,NA,50,NA,0.939692621,NA,NA,1
Horton ,1,snag,3118,18,PSME,45,1,0,JL,"KBK, CAE",A2292,2276,2276-02,21,21,3,3,260,10,NA,1,NA,POTR,145,80,NA,5,NA,2,1,27,15,NA,NA,NA,50,NA,-0.173648178,NA,NA,1
Horton ,1,snag,3118,18,PSME,45,1,0,JL,"KBK, CAE",A2292,2477,2477-02,15,15,3,3,180,10,NA,1,NA,NA,NA,NA,5,25,NA,5,NA,6,9,NA,NA,NA,50,NA,-1,NA,NA,0
Horton ,1,snag,3118,18,PSME,45,1,0,JL,"KBK, CAE",A2292,2446,2446-02,32,44.8,3,3.9,90,20,NA,1,NA,NA,NA,NA,24,8,NA,3,NA,6,9,NA,NA,NA,50,NA,6.12E-17,NA,NA,0
Horton ,1,snag,3119,19,POTR,22.5,3,1,CAE,"KBK, CAE",A2278,2197,2197-02,19,19,3,3,50,12.5,NA,0,NA,NA,NA,NA,1,1,2,2,2,14,28,NA,NA,NA,50,NA,0.64278761,4,8.00%,0
Horton ,1,snag,3119,19,POTR,22.5,3,1,CAE,"KBK, CAE",A2278,2181,2181-02,30,30,4,4,140,17,NA,1,NA,NA,NA,NA,1,1,NA,2,NA,15,31,NA,NA,NA,50,NA,-0.766044443,NA,NA,0
Horton ,1,snag,3119,19,POTR,22.5,3,1,CAE,"KBK, CAE",A2278,2194,2194-02,21,21,4,4,200,15,NA,1,NA,NA,NA,NA,NA,NA,NA,1,1,18,30,NA,NA,NA,50,NA,-0.939692621,NA,NA,0
Horton ,1,snag,3119,19,POTR,22.5,3,1,CAE,"KBK, CAE",A2278,2198,2198-02,29,29,3,3,230,14.5,NA,1,NA,NA,NA,NA,1,1,NA,3,NA,43,2,NA,NA,NA,50,NA,-0.64278761,NA,NA,0
Horton ,1,snag,3120,20,PSME,28.5,2,1,SK,"IM, SK",B1706,2321,2321-02,18,18,2.5,2.5,270,17,NA,1,NA,NA,NA,NA,10,NA,NA,10,8,22,NA,NA,NA,NA,50,NA,-1.84E-16,NA,NA,0
Horton ,1,snag,3120,20,PSME,28.5,2,1,SK,"IM, SK",B1706,2327,2327-02,19.5,27.3,3.5,4.55,150,19.5,NA,1,NA,PSME,94,2,8,4,NA,NA,NA,38,NA,NA,NA,NA,50,NA,-0.866025404,NA,NA,1
Horton ,1,snag,3120,20,PSME,28.5,2,1,SK,"IM, SK",B1706,2335,2335-02,18.5,18.5,3,3,80,26,NA,0,NA,PSME,138,2,8,10,NA,10,8,14,NA,NA,NA,NA,50,NA,0.173648178,NA,NA,1
Horton ,1,snag,3120,20,PSME,28.5,2,1,SK,"IM, SK",B1706,2347,2347-02,23,23,30,30,10,18,NA,1,NA,NA,NA,NA,27,5,NA,8,NA,10,NA,NA,NA,NA,50,NA,0.984807753,NA,NA,0
Horton ,1,snag,3121,21,PSME,56.5,2,0,IM,"IM, SK",B1693,2349,2349-02,22.5,22.5,4,4,360,25,NA,1,NA,NA,NA,NA,NA,NA,NA,2,5,43,NA,NA,NA,NA,50,"Too rocky, only one seedling could fit",1,NA,NA,0
Horton ,1,snag,3122,22,PSME,53,1,1,JL,"KBK, CAE",A2275-A2276,2189,2189-02,25,25,4,4,30,15,NA,1,NA,NA,NA,NA,NA,8,NA,4,NA,13,25,NA,NA,NA,50,NA,0.866025404,NA,NA,0
Horton ,1,snag,3122,22,PSME,53,1,1,JL,"KBK, CAE",A2275-A2277,2188,2188-02,31,43.4,2,2.6,15,6,NA,1,NA,NA,NA,NA,NA,8,NA,1,NA,14,27,NA,NA,NA,50,NA,0.965925826,NA,NA,0
Horton ,1,snag,3122,22,PSME,53,1,1,JL,"KBK, CAE",A2275-A2278,2185,2185-02,15,21,3,3.9,35,12,NA,1,NA,NA,NA,NA,5,5,NA,1,1,20,18,NA,NA,NA,50,NA,0.819152044,NA,NA,0
Horton ,1,snag,3122,22,PSME,53,1,1,JL,"KBK, CAE",A2275-A2279,2176,2176-02,15,15,3,3,305,9,NA,0,NA,NA,NA,NA,1,8,NA,2,3,21,15,NA,NA,NA,50,NA,0.573576436,NA,NA,0
Horton ,1,snag,3123,23,PSME,25,2,1,IM,"IM, SK",B1716,2230,2230-02,27,27,5,5,170,27,NA,0,NA,NA,NA,NA,4,2,NA,8,NA,36,NA,NA,NA,NA,50,NA,-0.984807753,NA,NA,0
Horton ,1,snag,3123,23,PSME,25,2,1,IM,"IM, SK",B1716,2252,2252-02,29,29,5,5,120,17,NA,1,NA,RU sp,86.5,26,15,2,NA,5,NA,28,NA,NA,NA,NA,50,NA,-0.5,NA,NA,1
Horton ,1,snag,3123,23,PSME,25,2,1,IM,"IM, SK",B1716,2254,2254-02,31,43.4,4.5,5.85,360,17,NA,1,NA,RU sp,50,26,NA,12,NA,NA,NA,33,5,NA,NA,NA,50,NA,1,NA,NA,1
Horton ,1,snag,3123,23,PSME,25,2,1,IM,"IM, SK",B1716,2228,2228-02,26.5,26.5,4.5,4.5,260,205,NA,0,NA,RU sp,90,26,NA,5,NA,8,NA,37,NA,NA,NA,NA,50,NA,-0.173648178,NA,NA,1
Horton ,1,snag,3124,24,PSME,34,2,1,KBK,"JL, CAE",A2313,2312,2312-02,26,36.4,4,5.2,60,54,NA,1,NA,NA,NA,NA,4,12,12,2,2,8,10,NA,NA,NA,50,NA,0.5,28,56.00%,0
Horton ,1,snag,3124,24,PSME,34,2,1,KBK,"JL, CAE",A2314,2310,2310-02,33,33,5,5,180,34,NA,0,NA,NA,NA,NA,NA,6,NA,5,8,6,25,NA,NA,NA,50,NA,-1,NA,NA,0
Horton ,1,snag,3124,24,PSME,34,2,1,KBK,"JL, CAE",A2315,2315,2315-02,26,26,4,4,240,33,NA,1,NA,NA,NA,NA,4,3,NA,11,8,14,10,NA,NA,NA,50,NA,-0.5,NA,NA,0
Horton ,1,snag,3124,24,PSME,34,2,1,KBK,"JL, CAE",A2316,2318,2318-02,33,33,5,5,350,36,NA,0,NA,NA,NA,NA,6,7,NA,1,4,22,10,NA,NA,NA,50,NA,0.984807753,NA,NA,0
Horton ,1,snag,3125,25,PIPO,35,2,0,JL,"JL, CAE",A2318,2311,2311-02,27,37.8,4,5.2,40,19,NA,1,NA,NA,NA,NA,7,11,NA,7,1,22,2,NA,NA,NA,50,NA,0.766044443,NA,NA,0
Horton ,1,snag,3125,25,PIPO,35,2,0,JL,"JL, CAE",A2318,2420,2420-02,14,14,3,3,120,5,NA,1,NA,NA,NA,NA,NA,20,NA,5,4,20,1,NA,NA,NA,50,NA,-0.5,NA,NA,0
Horton ,1,snag,3125,25,PIPO,35,2,0,JL,"JL, CAE",A2318,2412,2412-02,23,23,4,4,220,13.5,NA,1,NA,NA,NA,NA,4,5,NA,6,3,25,7,NA,NA,NA,50,NA,-0.766044443,NA,NA,0
Horton ,1,snag,3125,25,PIPO,35,2,0,JL,"JL, CAE",A2318,2419,2419-02,24,24,4,4,90,9.5,NA,1,NA,NA,NA,NA,NA,9,NA,7,2,25,7,NA,NA,NA,50,NA,6.12E-17,NA,NA,0
Horton ,1,snag,3126,26,PIPO,23.5,2,1,JL,"IM, SK",B1698,2306,2306-02,28,28,4,4,270,5.5,NA,0,NA,UNK,115,32,2,2,NA,1,NA,20,25,NA,NA,NA,50,UNK COMP photo no. B1698,-1.84E-16,NA,NA,1
Horton ,1,snag,3126,26,PIPO,23.5,2,1,JL,"IM, SK",B1698,2359,2359-02,23,23,4.5,4.5,20,16,NA,0,NA,NA,NA,NA,NA,2,NA,8,NA,35,5,NA,NA,NA,50,NA,0.939692621,NA,NA,0
Horton ,1,snag,3126,26,PIPO,23.5,2,1,JL,"IM, SK",B1698,2374,2374-02,23,32.2,3,3.9,110,26.5,NA,1,NA,UNK,150,32,NA,NA,NA,8,NA,22,20,NA,NA,NA,50,UNK COMP photo no. B1698,-0.342020143,NA,NA,1
Horton ,1,snag,3126,26,PIPO,23.5,2,1,JL,"IM, SK",B1698,2341,2341-02,22.5,22.5,3,3,220,25,NA,1,NA,UNK,102,32,2,1,NA,2,NA,25,20,NA,NA,NA,50,NA,-0.766044443,NA,NA,1
Horton ,1,snag,3127,27,PSME,45.5,1,1,JL,"JL, CAE",A2307/A2306,2281,2281-02,29,40.6,4,5.2,330,11.5,NA,1,NA,NA,NA,NA,NA,13,NA,8,1,23,5,NA,NA,NA,50,NA,0.866025404,NA,NA,0
Horton ,1,snag,3127,27,PSME,45.5,1,1,JL,"JL, CAE",A2307/A2307,2278,2278-02,27.5,27.5,4,4,20,12,NA,0,NA,NA,NA,NA,4,12,NA,5,NA,24,5,NA,NA,NA,50,NA,0.939692621,NA,NA,0
Horton ,1,snag,3127,27,PSME,45.5,1,1,JL,"JL, CAE",A2307/A2308,2324,2324-02,17,17,3,3,100,15,NA,0,NA,NA,NA,NA,20,12,NA,2,1,15,NA,NA,NA,NA,50,NA,-0.173648178,NA,NA,0
Horton ,1,snag,3127,27,PSME,45.5,1,1,JL,"JL, CAE",A2307/A2309,2304,2304-02,24,24,4,4,260,13,NA,1,NA,NA,NA,NA,NA,19,NA,3,7,20,1,NA,NA,NA,50,NA,-0.173648178,NA,NA,0
Horton ,1,snag,3128,28,PSME,23.5,2,0,IM,"IM, SK",B1717,2239,2239-02,28.5,28.5,4.5,4.5,70,36,NA,1,NA,NA,NA,NA,1,2,NA,NA,NA,47,NA,NA,NA,NA,50,NA,0.342020143,NA,NA,0
Horton ,1,snag,3128,28,PSME,23.5,2,0,IM,"IM, SK",B1717,2223,2223-02,32,32,4.5,4.5,140,43.5,NA,1,NA,NA,NA,NA,NA,15,NA,5,NA,25,5,NA,NA,NA,50,NA,-0.766044443,NA,NA,0
Horton ,1,snag,3128,28,PSME,23.5,2,0,IM,"IM, SK",B1717,2220,2220-02,19,19,4.5,4.5,230,55,NA,0,NA,NA,NA,NA,2,NA,NA,2,NA,46,NA,NA,NA,NA,50,NA,-0.64278761,NA,NA,0
Horton ,1,snag,3128,28,PSME,23.5,2,0,IM,"IM, SK",B1717,2217,2217-02,23,32.2,3.5,4.55,340,29.5,NA,1,NA,NA,NA,NA,2,2,NA,8,NA,38,NA,NA,NA,NA,50,NA,0.939692621,NA,NA,0
Horton ,1,snag,3129,29,PIPO,62,0,0,IM,"IM, SK",B1713,2338,2338-02,27.5,38.5,4,5.2,NA,22.5,NA,1,NA,NA,NA,NA,NA,2,NA,NA,NA,43,5,NA,NA,NA,50,NA,NA,NA,NA,0
Horton ,1,snag,3129,29,PIPO,62,0,0,IM,"IM, SK",B1713,2236,2236-02,31.5,31.5,4,4,NA,45,NA,1,NA,NA,NA,NA,NA,NA,NA,5,NA,30,15,NA,NA,NA,50,NA,NA,NA,NA,0
Horton ,1,snag,3129,29,PIPO,62,0,0,IM,"IM, SK",B1713,2255,2255-02,21,21,4.5,4.5,NA,18,NA,0,NA,NA,NA,NA,5,8,NA,NA,NA,29,8,NA,NA,NA,50,NA,NA,NA,NA,0
Horton ,1,snag,3130,30,PIPO,33.5,1,1,IM,"KBK, CAE",A2297,2469,2469-02,33,46.2,5,6.5,40,58,NA,1,NA,NA,NA,NA,12,26,NA,NA,2,4,6,NA,NA,NA,50,Planted far from snag,0.766044443,NA,NA,0
Horton ,1,snag,3130,30,PIPO,33.5,1,1,IM,"KBK, CAE",A2297,2268,2268-02,30,30,4,4,110,62,NA,1,NA,NA,NA,NA,10,4,NA,1,4,16,15,NA,NA,NA,50,Planted far from snag,-0.342020143,NA,NA,0
Horton ,1,snag,3130,30,PIPO,33.5,1,1,IM,"KBK, CAE",A2297,2270,2270-02,18,18,4,4,170,78,NA,1,NA,NA,NA,NA,6,3,NA,NA,2,20,19,NA,NA,NA,50,Planted far from snag,-0.984807753,NA,NA,0
Horton ,1,snag,3130,30,PIPO,33.5,1,1,IM,"KBK, CAE",A2297,2479,2479-02,33,46.2,3,3.9,240,66,NA,1,NA,NA,NA,NA,22,2,NA,2,1,9,14,NA,NA,NA,50,Planted far from snag,-0.5,NA,NA,0
Horton ,1,log,3230,30,UNK,NA,3,1,KBK,"IM, SK",B1720,2231,2231-02,26.5,37.1,4.5,5.85,40,13.5,16,1,NA,NA,NA,NA,4,1,NA,NA,NA,45,NA,NA,NA,NA,50,NA,0.766044443,NA,NA,0
Horton ,1,log,3230,30,UNK,NA,3,1,KBK,"IM, SK",B1720,2227,2227-02,16.5,16.5,4.5,4.5,40,6.5,17,0,NA,NA,NA,NA,6,NA,NA,5,4,35,NA,NA,NA,NA,50,NA,0.766044443,NA,NA,0
Horton ,1,log,3230,30,UNK,NA,3,1,KBK,"IM, SK",B1720,2241,2241-02,25,25,3.5,3.5,220,8.5,14.5,1,NA,NA,NA,NA,2,NA,NA,8,NA,40,NA,NA,NA,NA,50,NA,-0.766044443,NA,NA,0
Horton ,1,log,3230,30,UNK,NA,3,1,KBK,"IM, SK",B1720,2238,2238-02,23,32.2,4,5.2,220,5,14,1,NA,NA,NA,NA,5,NA,NA,5,NA,40,NA,NA,NA,NA,50,NA,-0.766044443,NA,NA,0
Horton ,1,log,3201,1,PIPO,NA,3,0,JL,"KBK, CAE",A2270,2172,2172-02,23.5,32.9,5,6.5,70,14,18.5,1,NA,NA,NA,NA,NA,1,NA,2,NA,3,44,NA,NA,NA,50,NA,0.342020143,NA,NA,0
Horton ,1,log,3201,1,PIPO,NA,3,0,JL,"KBK, CAE",A2270,2177,2177-02,34,47.6,4,5.2,70,12.5,18.5,1,NA,NA,NA,NA,NA,2,NA,24,NA,2,22,NA,NA,NA,50,NA,0.342020143,NA,NA,0
Horton ,1,log,3201,1,PIPO,NA,3,0,JL,"KBK, CAE",A2270,2275,2275-02,29,29,6,6,250,14.5,18.5,0,NA,NA,NA,NA,NA,1,NA,18,2,3,26,NA,NA,NA,50,NA,-0.342020143,NA,NA,0
Horton ,1,log,3201,1,PIPO,NA,3,0,JL,"KBK, CAE",A2270,2200,2200-02,17,17,3,3,250,13.5,18.5,0,NA,NA,NA,NA,NA,NA,NA,8,NA,19,23,NA,NA,NA,50,NA,-0.342020143,NA,NA,0
Horton ,1,log,3202,2,UNK,NA,3,1,IM,"JL, SK",B1678,2154,2154-02,21.5,21.5,4.5,4.5,60,21.5,31.5,0,NA,NA,NA,NA,5,30,NA,NA,NA,10,5,NA,NA,NA,50,NA,0.5,NA,NA,0
Horton ,1,log,3202,2,UNK,NA,3,1,IM,"JL, SK",B1678,2142,2142-02,22.5,22.5,4.5,4.5,60,13,38,1,NA,NA,NA,NA,6,20,NA,1,NA,19,4,NA,NA,NA,50,NA,0.5,NA,NA,0
Horton ,1,log,3202,2,UNK,NA,3,1,IM,"JL, SK",B1678,2164,2164-02,32.5,32.5,4,4,240,12,38,0,NA,NA,NA,NA,8,NA,NA,5,NA,37,NA,NA,NA,NA,50,NA,-0.5,NA,NA,0
Horton ,1,log,3202,2,UNK,NA,3,1,IM,"JL, SK",B1678,2148,2148-02,25,25,4,4,240,16,34.5,1,NA,NA,NA,NA,NA,1,NA,2,NA,47,NA,NA,NA,NA,50,NA,-0.5,NA,NA,0
Horton ,1,log,3203,3,PIPO,NA,2,1,CAE,"KBK, CAE",A2272,2179,2179-02,17,17,3,3,100,7.5,24,0,NA,NA,NA,NA,15,1,NA,12,2,6,14,NA,NA,NA,50,NA,-0.173648178,NA,NA,0
Horton ,1,log,3203,3,PIPO,NA,2,1,CAE,"KBK, CAE",A2272,2171,2171-02,17,17,3,3,100,14,24,0,NA,NA,NA,NA,6,4,NA,12,NA,2,26,NA,NA,NA,50,NA,-0.173648178,NA,NA,0
Horton ,1,log,3203,3,PIPO,NA,2,1,CAE,"KBK, CAE",A2272,2178,2178-02,23,32.2,4,5.2,280,25,24,1,NA,NA,NA,NA,1,1,NA,10,3,23,12,NA,NA,NA,50,NA,0.173648178,NA,NA,0
Horton ,1,log,3203,3,PIPO,NA,2,1,CAE,"KBK, CAE",A2272,2190,2190-02,23,23,4,4,280,18.5,24,0,NA,NA,NA,NA,1,1,NA,NA,8,23,17,NA,NA,NA,50,NA,0.173648178,NA,NA,0
Horton ,1,log,3204,4,POTR,NA,2,1,JL,"KBK, CAE",A2291,2283,2283-02,14,14,3,3,240,10,16,0,NA,NA,NA,NA,12,3,NA,12,NA,10,13,NA,NA,NA,50,NA,-0.5,NA,NA,0
Horton ,1,log,3204,4,POTR,NA,2,1,JL,"KBK, CAE",A2291,2451,2451-02,14,14,5,5,340,3,16,1,NA,NA,NA,NA,10,8,NA,3,10,19,NA,NA,NA,NA,50,NA,0.939692621,NA,NA,0
Horton ,1,log,3204,4,POTR,NA,2,1,JL,"KBK, CAE",A2291,2484,2484-02,27,27,4,4,60,8,16,1,NA,NA,NA,NA,NA,NA,11,3,NA,12,24,NA,NA,NA,50,NA,0.5,NA,NA,0
Horton ,1,log,3204,4,POTR,NA,2,1,JL,"KBK, CAE",A2291,2450,2450-02,24,24,3,3,60,10,16,1,NA,NA,NA,NA,5,3,NA,14,1,12,15,NA,NA,NA,50,NA,0.5,NA,NA,0
Horton ,1,log,3205,5,PIPO,NA,3,1,IM,"JL, SK",B1679,2146,2146-02,18.5,18.5,4,4,110,17,45,1,NA,NA,NA,NA,5,5,NA,15,NA,20,NA,5,NA,NA,50,NA,-0.342020143,NA,NA,0
Horton ,1,log,3205,5,PIPO,NA,3,1,IM,"JL, SK",B1679,2141,2141-02,24,24,4.5,4.5,110,16,45,0,NA,NA,NA,NA,8,NA,NA,5,NA,32,5,NA,NA,NA,50,NA,-0.342020143,NA,NA,0
Horton ,1,log,3205,5,PIPO,NA,3,1,IM,"JL, SK",B1679,2145,2145-02,21,29.4,4,5.2,290,13.5,38,1,NA,NA,NA,NA,NA,5,NA,10,NA,25,10,NA,NA,NA,50,NA,0.342020143,NA,NA,0
Horton ,1,log,3205,5,PIPO,NA,3,1,IM,"JL, SK",B1679,2150,2150-02,22,30.8,4.5,5.85,290,45,45,1,NA,NA,NA,NA,8,8,NA,5,NA,27,2,NA,NA,NA,50,NA,0.342020143,NA,NA,0
Horton ,1,log,3206,6,UNK,NA,3,0,IM,"JL, CAE",A2310,2287,2287-02,25,25,4,4,70,28,26,0,NA,NA,NA,NA,2,2,NA,7,1,26,12,NA,NA,NA,50,NA,0.342020143,NA,NA,0
Horton ,1,log,3206,6,UNK,NA,3,0,IM,"JL, CAE",A2310,2289,2289-02,38,38,4,4,70,23,26,1,NA,NA,NA,NA,8,1,NA,3,NA,12,26,NA,NA,NA,50,NA,0.342020143,NA,NA,0
Horton ,1,log,3206,6,UNK,NA,3,0,IM,"JL, CAE",A2310,2500,2500-02,22,22,4,4,250,24,26,0,NA,NA,NA,NA,1,5,4,1,2,22,15,NA,NA,NA,50,NA,-0.342020143,10,20.00%,0
Horton ,1,log,3206,6,UNK,NA,3,0,IM,"JL, CAE",A2310,2456,2456-02,28,28,4,4,250,21,26,1,NA,NA,NA,NA,NA,3,10,3,NA,33,1,NA,NA,NA,50,NA,-0.342020143,NA,NA,0
Horton ,1,log,3207,7,PIPO,NA,2,1,"KBK, CAE","KBK, CAE",A2271,2103,2103-02,21,21,6,6,50,18.5,32,0,NA,NA,NA,NA,NA,7,NA,2,NA,1,40,NA,NA,NA,50,NA,0.64278761,NA,NA,0
Horton ,1,log,3207,7,PIPO,NA,2,1,"KBK, CAE","KBK, CAE",A2271,2116,2116-02,12,12,7,7,50,14,32,0,NA,NA,NA,NA,NA,NA,NA,4,4,5,37,NA,NA,NA,50,NA,0.64278761,NA,NA,0
Horton ,1,log,3207,7,PIPO,NA,2,1,"KBK, CAE","KBK, CAE",A2271,2117,2117-02,28,39.2,5,6.5,230,9,32,1,NA,NA,NA,NA,NA,6,NA,3,NA,12,29,NA,NA,NA,50,NA,-0.64278761,NA,NA,0
Horton ,1,log,3207,7,PIPO,NA,2,1,"KBK, CAE","KBK, CAE",A2271,2124,2124-02,25,25,3,3,230,11.5,32,0,NA,NA,NA,NA,NA,2,NA,12,2,1,33,NA,NA,NA,50,NA,-0.64278761,NA,NA,0
Horton ,1,log,3208,8,PIPO,NA,1,1,IM,"JL, SK",B1680,2156,2156-02,26,26,4,4,290,16.5,39.5,1,NA,NA,NA,NA,NA,2,NA,2,NA,36,10,NA,NA,NA,50,NA,0.342020143,NA,NA,0
Horton ,1,log,3208,8,PIPO,NA,1,1,IM,"JL, SK",B1680,2169,2169-02,22.5,22.5,4.5,4.5,290,12,40.5,0,NA,NA,NA,NA,NA,3,NA,10,15,22,NA,NA,NA,NA,50,NA,0.342020143,NA,NA,0
Horton ,1,log,3208,8,PIPO,NA,1,1,IM,"JL, SK",B1680,2155,2155-02,20.5,28.7,5,6.5,110,40,45,1,NA,NA,NA,NA,2,4,NA,NA,NA,34,10,NA,NA,NA,50,NA,-0.342020143,NA,NA,0
Horton ,1,log,3208,8,PIPO,NA,1,1,IM,"JL, SK",B1680,2167,2167-02,24,33.6,4.5,5.85,110,29,43.5,1,NA,NA,NA,NA,NA,2,NA,8,8,27,5,NA,NA,NA,50,NA,-0.342020143,NA,NA,0
Horton ,1,log,3209,9,UNK,NA,4,0,IM,"KBK, CAE",A2298,2470,2470-02,29,29,5,5,180,15,26,0,NA,NA,NA,NA,4,6,5,2,1,20,12,NA,NA,NA,50,NA,-1,15,30.00%,0
Horton ,1,log,3209,9,UNK,NA,4,0,IM,"KBK, CAE",A2298,2464,2464-02,27,27,4,4,180,19,26,1,NA,NA,NA,NA,1,4,NA,2,NA,4,39,NA,NA,NA,50,NA,-1,NA,NA,0
Horton ,1,log,3209,9,UNK,NA,4,0,IM,"KBK, CAE",A2298,2463,2463-02,28,28,4,4,360,20,26,0,NA,NA,NA,NA,NA,18,2,1,1,26,2,NA,NA,NA,50,NA,1,NA,NA,0
Horton ,1,log,3209,9,UNK,NA,4,0,IM,"KBK, CAE",A2298,2277,2277-02,23,32.2,3,3.9,260,23.5,26,1,NA,NA,NA,NA,NA,14,NA,13,NA,8,15,NA,NA,NA,50,NA,-0.173648178,NA,NA,0
Horton ,1,log,3210,10,UNK,NA,3,0,JL,"JL, SK",B1718,2245,2245-02,16,16,4,4,110,4.5,22,0,NA,NA,NA,NA,NA,10,NA,NA,NA,30,10,NA,NA,NA,50,NA,-0.342020143,NA,NA,0
Horton ,1,log,3210,10,UNK,NA,3,0,JL,"JL, SK",B1718,2234,2234-02,20,20,4.5,4.5,110,5.5,23,1,NA,NA,NA,NA,NA,25,NA,NA,NA,10,15,NA,NA,NA,50,NA,-0.342020143,NA,NA,0
Horton ,1,log,3210,10,UNK,NA,3,0,JL,"JL, SK",B1718,2240,2240-02,21,21,3.5,3.5,290,7.5,23.5,0,NA,NA,NA,NA,10,1,NA,15,NA,24,NA,NA,NA,NA,50,NA,0.342020143,NA,NA,0
Horton ,1,log,3210,10,UNK,NA,3,0,JL,"JL, SK",B1718,2224,2224-02,14,14,3.5,3.5,290,11,26.5,1,NA,NA,NA,NA,15,NA,NA,10,NA,25,NA,NA,NA,NA,50,NA,0.342020143,NA,NA,0
Horton ,1,log,3211,11,PSME,NA,1,0,IM,"KBK, CAE",A2273,2126,2126-02,35,35,5,5,200,23,20.5,0,NA,NA,NA,NA,NA,3,NA,NA,NA,27,20,NA,NA,NA,50,NA,-0.939692621,NA,NA,0
Horton ,1,log,3211,11,PSME,NA,1,0,IM,"KBK, CAE",A2273,2123,2123-02,24,24,4,4,200,35,20.5,1,NA,NA,NA,NA,NA,2,NA,3,2,13,30,NA,NA,NA,50,NA,-0.939692621,NA,NA,0
Horton ,1,log,3211,11,PSME,NA,1,0,IM,"KBK, CAE",A2273,2125,2125-02,30,30,3,3,20,13,20.5,0,NA,NA,NA,NA,1,2,NA,4,2,23,18,NA,NA,NA,50,NA,0.939692621,NA,NA,0
Horton ,1,log,3211,11,PSME,NA,1,0,IM,"KBK, CAE",A2273,2111,2111-02,25.5,35.7,5,6.5,20,18.5,20.5,1,NA,NA,NA,NA,1,4,NA,3,NA,15,27,NA,NA,NA,50,NA,0.939692621,NA,NA,0
Horton ,1,log,3212,12,UNK,NA,3,1,JL,"JL, SK",B1675,2161,2161-02,14,14,3.5,3.5,110,9.5,21,0,NA,POTR,121,62,10,1,NA,5,NA,24,10,NA,NA,NA,50,NA,-0.342020143,NA,NA,1
Horton ,1,log,3212,12,UNK,NA,3,1,JL,"JL, SK",B1675,2201,2201-02,22,30.8,3.5,4.55,110,8.5,28,1,NA,POTR,190,45,NA,1,NA,5,NA,39,5,NA,NA,NA,50,NA,-0.342020143,NA,NA,1
Horton ,1,log,3212,12,UNK,NA,3,1,JL,"JL, SK",B1675,2160,2160-02,18.5,18.5,3.5,3.5,290,7,26,0,NA,POTR,170,77,8,5,NA,5,NA,27,5,NA,NA,NA,50,NA,0.342020143,NA,NA,1
Horton ,1,log,3212,12,UNK,NA,3,1,JL,"JL, SK",B1675,2153,2153-02,25,25,4.5,4.5,290,5,23.5,1,NA,POTR,119,62,15,NA,NA,1,NA,24,10,NA,NA,NA,50,NA,0.342020143,NA,NA,1
Horton ,1,log,3213,13,PIPO,NA,2,0,IM,"JL, SK",B1681,2152,2152-02,23.5,23.5,4,4,270,16.5,27.5,0,NA,ROWO,75.5,4.5,NA,8,NA,3,5,29,NA,5,NA,NA,50,NA,-1.84E-16,NA,NA,1
Horton ,1,log,3213,13,PIPO,NA,2,0,IM,"JL, SK",B1681,2144,2144-02,22,22,3,3,270,12.5,27.5,1,NA,NA,NA,NA,5,5,NA,8,NA,27,5,NA,NA,NA,50,NA,-1.84E-16,NA,NA,0
Horton ,1,log,3213,13,PIPO,NA,2,0,IM,"JL, SK",B1681,2170,2170-02,20,20,4.5,4.5,90,10.5,29.5,1,NA,NA,NA,NA,NA,10,NA,20,NA,20,NA,NA,NA,NA,50,NA,6.12E-17,NA,NA,0
Horton ,1,log,3213,13,PIPO,NA,2,0,SK,"JL, SK",B1681,2147,2147-02,27,37.8,4.5,5.85,90,6.5,31.5,1,NA,ROWO,120,4.5,NA,4,NA,NA,NA,41,5,NA,NA,NA,50,NA,6.12E-17,NA,NA,1
Horton ,1,log,3214,14,PSME,NA,2,1,IM,"KBK, CAE",A2274,2180,2180-02,23,23,3,3,60,26,21,0,NA,PIPO,200,30.3,NA,1,NA,2,NA,39,8,NA,NA,NA,50,NA,0.5,NA,NA,1
Horton ,1,log,3214,14,PSME,NA,2,1,IM,"KBK, CAE",A2274,2195,2195-02,28,39.2,5,6.5,60,30,21,1,NA,PIPO,200,30.3,NA,2,NA,1,5,31,11,NA,NA,NA,50,NA,0.5,NA,NA,1
Horton ,1,log,3214,14,PSME,NA,2,1,IM,"KBK, CAE",A2274,2193,2193-02,27,27,5,5,240,30,21,0,NA,PIPO,200,30.3,NA,2,NA,1,2,35,10,NA,NA,NA,50,NA,-0.5,NA,NA,1
Horton ,1,log,3214,14,PSME,NA,2,1,IM,"KBK, CAE",A2274,2186,2186-02,18,18,3,3,240,21,21,0,NA,PIPO,200,30.3,2,10,NA,1,1,30,6,NA,NA,NA,50,NA,-0.5,NA,NA,1
Horton ,1,log,3215,15,PIPO,NA,3,1,JL,"KBK, CAE",A2296,2467,2467-02,24,24,4,4,140,11,40,1,NA,NA,NA,NA,4,8,3,3,NA,24,8,NA,NA,NA,50,NA,-0.766044443,15,30.00%,0
Horton ,1,log,3215,15,PIPO,NA,3,1,JL,"KBK, CAE",A2296,2472,2472-02,18,18,4,4,140,20,40,0,NA,NA,NA,NA,8,5,NA,8,4,21,4,NA,NA,NA,50,NA,-0.766044443,NA,NA,0
Horton ,1,log,3215,15,PIPO,NA,3,1,JL,"KBK, CAE",A2296,2468,2468-02,22,22,5,5,320,16,40,1,NA,NA,NA,NA,5,11,NA,15,2,5,12,NA,NA,NA,50,NA,0.766044443,NA,NA,0
Horton ,1,log,3215,15,PIPO,NA,3,1,JL,"KBK, CAE",A2296,2272,2272-02,25,35,5,6.5,320,13,40,1,NA,NA,NA,NA,23,3,NA,23,NA,NA,1,NA,NA,NA,50,NA,0.766044443,NA,NA,0
Horton ,1,log,3217,17,PSME,NA,3,0,"KBK, CAE","KBK, CAE",A2294,2453,2453-02,14,19.6,4,5.2,100,12.5,26,1,NA,NA,NA,NA,4,4,NA,10,NA,5,27,NA,NA,NA,50,NA,-0.173648178,NA,NA,0
Horton ,1,log,3217,17,PSME,NA,3,0,"KBK, CAE","KBK, CAE",A2294,2459,2459-02,29,29,4,4,100,9.5,26,0,NA,NA,NA,NA,14,5,NA,11,3,4,13,NA,NA,NA,50,NA,-0.173648178,NA,NA,0
Horton ,1,log,3217,17,PSME,NA,3,0,"KBK, CAE","KBK, CAE",A2294,2458,2458-02,20,28,4,5.2,280,10.5,26,1,NA,NA,NA,NA,NA,NA,NA,4,3,18,25,NA,NA,NA,50,NA,0.173648178,NA,NA,0
Horton ,1,log,3217,17,PSME,NA,3,0,"KBK, CAE","KBK, CAE",A2294,2461,2461-02,24,24,5,5,280,15,26,0,NA,NA,NA,NA,NA,3,NA,10,NA,25,12,NA,NA,NA,50,NA,0.173648178,NA,NA,0
Horton ,1,log,3218,18,UNK,NA,2,0,JL,"JL, CAE",A2315,2413,2413-02,20,28,3,3.9,260,12,23,1,NA,NA,NA,NA,NA,1,NA,3,2,43,1,NA,NA,NA,50,NA,-0.173648178,NA,NA,0
Horton ,1,log,3218,18,UNK,NA,2,0,JL,"JL, CAE",A2315,2314,2314-02,27,37.8,4,5.2,260,6,23,1,NA,NA,NA,NA,3,2,6,4,NA,25,10,NA,NA,NA,50,NA,-0.173648178,11,22.00%,0
Horton ,1,log,3218,18,UNK,NA,2,0,JL,"JL, CAE",A2315,2403,2403-02,16,16,5,5,80,4.5,23,0,NA,NA,NA,NA,3,2,7,5,3,25,5,NA,NA,NA,50,NA,0.173648178,12,24.00%,0
Horton ,1,log,3218,18,UNK,NA,2,0,JL,"JL, CAE",A2315,2313,2313-02,13,13,4,4,80,4,23,1,NA,NA,NA,NA,NA,8,1,NA,4,33,4,NA,NA,NA,50,NA,0.173648178,NA,NA,0
Horton ,1,log,3219,19,PSME,NA,1,1,"KBK, CAE","KBK, CAE",A2284,2296,2296-02,28,28,4,4,30,10,22,0,NA,NA,NA,NA,6,6,NA,2,4,32,NA,NA,NA,NA,50,NA,0.866025404,NA,NA,0
Horton ,1,log,3219,19,PSME,NA,1,1,"KBK, CAE","KBK, CAE",A2284,404,404-02,26.5,26.5,4,4,30,10,22,1,NA,NA,NA,NA,4,11,1,2,3,27,2,NA,NA,NA,50,NA,0.866025404,16,32.00%,0
Horton ,1,log,3219,19,PSME,NA,1,1,"KBK, CAE","KBK, CAE",A2284,2394,2394-02,27,27,4,4,210,19,22,0,NA,NA,NA,NA,NA,3,8,3,1,18,17,NA,NA,NA,50,NA,-0.866025404,NA,NA,0
Horton ,1,log,3219,19,PSME,NA,1,1,"KBK, CAE","KBK, CAE",A2284,2299,2299-02,30,42,4,5.2,210,7,22,1,NA,NA,NA,NA,NA,4,8,1,2,22,13,NA,NA,NA,50,NA,-0.866025404,NA,NA,0
Horton ,1,log,3220,20,UNK,NA,3,1,JL,"JL, CAE",A2314,2307,2307-02,30,30,3,3,180,8,22,0,NA,NA,NA,NA,NA,1,5,4,NA,32,8,NA,NA,NA,50,NA,-1,NA,NA,0
Horton ,1,log,3220,20,UNK,NA,3,1,JL,"JL, CAE",A2314,2406,2406-02,21,21,4,4,180,9,22,1,NA,NA,NA,NA,4,7,NA,7,2,28,2,NA,NA,NA,50,NA,-1,NA,NA,0
Horton ,1,log,3220,20,UNK,NA,3,1,JL,"JL, CAE",A2314,2417,2417-02,26,26,3,3,360,27,22,0,NA,NA,NA,NA,NA,NA,NA,NA,3,43,4,NA,NA,NA,50,NA,1,NA,NA,0
Horton ,1,log,3220,20,UNK,NA,3,1,JL,"JL, CAE",A2314,2308,2308-02,27,37.8,4,5.2,360,12,22,1,NA,NA,NA,NA,NA,2,NA,3,3,32,10,NA,NA,NA,50,NA,1,NA,NA,0
Horton ,1,log,3221,21,PSME,NA,2,1,"KBK, CAE","KBK, CAE",A2293,2455,2455-02,19.5,19.5,3,3,230,11.5,27,0,NA,NA,NA,NA,5,3,NA,8,2,23,9,NA,NA,NA,50,NA,-0.64278761,NA,NA,0
Horton ,1,log,3221,21,PSME,NA,2,1,"KBK, CAE","KBK, CAE",A2293,2475,2475-02,26,26,4,4,230,13,27,0,NA,NA,NA,NA,NA,2,1,3,2,35,7,NA,NA,NA,50,NA,-0.64278761,NA,NA,0
Horton ,1,log,3221,21,PSME,NA,2,1,"KBK, CAE","KBK, CAE",A2293,2279,2279-02,26,26,3,3,50,9,27,0,NA,NA,NA,NA,5,1,1,5,8,27,3,NA,NA,NA,50,NA,0.64278761,7,14.00%,0
Horton ,1,log,3221,21,PSME,NA,2,1,"KBK, CAE","KBK, CAE",A2293,2481,2481-02,30,42,3,3.9,50,9,27,1,NA,POTR,140,49,NA,4,NA,4,2,30,10,NA,NA,NA,50,NA,0.64278761,NA,NA,1
Horton ,1,log,3223,23,UNK,NA,3,0,KBK,"IM, SK",B1719,2243,2243-02,16,16,3.5,3.5,50,11,13.5,0,NA,NA,NA,NA,NA,1,NA,2,NA,42,NA,5,NA,NA,50,NA,0.64278761,NA,NA,0
Horton ,1,log,3223,23,UNK,NA,3,0,KBK,"IM, SK",B1719,2219,2219-02,21.5,21.5,3.5,3.5,50,4,13,0,NA,NA,NA,NA,NA,2,NA,5,NA,43,NA,NA,NA,NA,50,NA,0.64278761,NA,NA,0
Horton ,1,log,3223,23,UNK,NA,3,0,KBK,"IM, SK",B1719,2218,2218-02,28,39.2,3.5,4.55,230,11.5,17,1,NA,NA,NA,NA,8,1,NA,NA,NA,41,NA,NA,NA,NA,50,NA,-0.64278761,NA,NA,0
Horton ,1,log,3223,23,UNK,NA,3,0,KBK,"IM, SK",B1719,2244,2244-02,27,37.8,4.5,5.85,230,21,15,1,NA,NA,NA,NA,8,NA,10,NA,32,NA,NA,NA,NA,NA,50,NA,-0.64278761,NA,NA,0
Horton ,1,log,3224,24,PSME,NA,2,1,KBK,"JL, CAE",A2311,2269,2269-02,18,18,2,2,210,6,22,0,NA,NA,NA,NA,30,2,NA,1,NA,16,1,NA,NA,NA,50,NA,-0.866025404,NA,NA,0
Horton ,1,log,3224,24,PSME,NA,2,1,KBK,"JL, CAE",A2311,2498,2498-02,20,20,3,3,210,13.5,22,1,NA,NA,NA,NA,1,20,NA,4,4,19,2,NA,NA,NA,50,NA,-0.866025404,NA,NA,0
Horton ,1,log,3224,24,PSME,NA,2,1,KBK,"JL, CAE",A2311,2488,2488-02,19.5,19.5,2,2,30,12.5,22,0,NA,NA,NA,NA,NA,25,NA,NA,NA,20,5,NA,NA,NA,50,NA,0.866025404,NA,NA,0
Horton ,1,log,3224,24,PSME,NA,2,1,KBK,"JL, CAE",A2311,2105,2105-02,26,26,2,2,30,14.5,22,1,NA,NA,NA,NA,5,5,NA,NA,NA,15,25,NA,NA,NA,50,NA,0.866025404,NA,NA,0
Horton ,1,log,3225,25,POTR,NA,2,1,JL,"KBK, CAE",A2288,2452,2452-02,29,29,4,4,140,8,30,0,NA,NA,NA,NA,NA,NA,NA,8,NA,12,30,NA,NA,NA,50,NA,-0.766044443,NA,NA,0
Horton ,1,log,3225,25,POTR,NA,2,1,JL,"KBK, CAE",A2288,2443,2443-02,29,29,4,4,140,7,30,1,NA,NA,NA,NA,NA,1,NA,7,9,4,29,NA,NA,NA,50,NA,-0.766044443,NA,NA,0
Horton ,1,log,3225,25,POTR,NA,2,1,JL,"KBK, CAE",A2288,2448,2448-02,17,17,3,3,320,12,30,0,NA,NA,NA,NA,NA,1,NA,5,13,14,17,NA,NA,NA,50,NA,0.766044443,NA,NA,0
Horton ,1,log,3225,25,POTR,NA,2,1,JL,"KBK, CAE",A2288,2480,2480-02,27,27,4,4,320,15,30,1,NA,NA,NA,NA,1,4,NA,11,8,3,23,NA,NA,NA,50,NA,0.766044443,NA,NA,0
Horton ,1,log,3226,26,PIPO,NA,2,1,JL,"JL, CAE",A2316,2421,2421-02,20,20,4,4,230,5.5,21,0,NA,NA,NA,NA,NA,8,NA,4,1,11,26,NA,NA,NA,50,NA,-0.64278761,NA,NA,0
Horton ,1,log,3226,26,PIPO,NA,2,1,JL,"JL, CAE",A2316,2309,2309-02,13,13,2,2,230,5,21,1,NA,NA,NA,NA,NA,3,6,3,NA,34,4,NA,NA,NA,50,NA,-0.64278761,NA,NA,0
Horton ,1,log,3226,26,PIPO,NA,2,1,JL,"JL, CAE",A2316,2409,2409-02,14,14,3,3,50,3,21,0,NA,NA,NA,NA,1,4,NA,3,NA,27,15,NA,NA,NA,50,NA,0.64278761,NA,NA,0
Horton ,1,log,3226,26,PIPO,NA,2,1,JL,"JL, CAE",A2316,2410,2410-02,17,17,3,3,50,13,21,0,NA,NA,NA,NA,NA,6,NA,3,2,38,1,NA,NA,NA,50,NA,0.64278761,NA,NA,0
Horton ,1,log,3227,27,POTR,NA,3,0,CAE,"JL, CAE",A2312,2405,2405-02,25,25,4,4,230,19.5,28,1,NA,NA,NA,NA,7,8,NA,4,2,19,10,NA,NA,NA,50,NA,-0.64278761,NA,NA,0
Horton ,1,log,3227,27,POTR,NA,3,0,CAE,"JL, CAE",A2312,2418,2418-02,20.5,20.5,4,4,230,19.5,28,0,NA,NA,NA,NA,3,12,NA,8,6,14,7,NA,NA,NA,50,NA,-0.64278761,NA,NA,0
Horton ,1,log,3227,27,POTR,NA,3,0,CAE,"JL, CAE",A2312,2402,2402-02,16,16,3,3,50,18,28,1,NA,NA,NA,NA,NA,15,15,2,2,11,5,NA,NA,NA,50,NA,0.64278761,NA,NA,0
Horton ,1,log,3227,27,POTR,NA,3,0,CAE,"JL, CAE",A2312,2316,2316-02,23,23,3,3,50,12,28,0,NA,NA,NA,NA,NA,15,NA,3,4,26,2,NA,NA,NA,50,NA,0.64278761,NA,NA,0
Horton ,1,log,3229,29,UNK,NA,3,0,SK,"IM, SK",B1705,2322,2322-02,22,30.8,3.5,4.55,80,5.5,13.5,1,NA,NA,NA,NA,2,8,NA,5,NA,35,NA,NA,NA,NA,50,NA,0.173648178,NA,NA,0
Horton ,1,log,3229,29,UNK,NA,3,0,SK,"IM, SK",B1705,2333,2333-02,22.5,31.5,2.5,3.25,80,8,14,1,NA,NA,NA,NA,2,10,NA,5,NA,33,NA,NA,NA,NA,50,NA,0.173648178,NA,NA,0
Horton ,1,log,3229,29,UNK,NA,3,0,SK,"IM, SK",B1705,2355,2355-02,25,25,3,3,260,5,14,0,NA,NA,NA,NA,5,5,NA,NA,2,23,10,5,NA,NA,50,NA,-0.173648178,NA,NA,0
Horton ,1,log,3229,29,UNK,NA,3,0,SK,"IM, SK",B1705,2345,2345-02,14.5,14.5,2.5,2.5,260,5.5,14,0,NA,NA,NA,NA,NA,8,NA,NA,5,22,5,10,NA,NA,50,NA,-0.173648178,NA,NA,0
