tag_id,measurement_type,date,height,rcd,site_name,structure_no,structure_type,recorder,status,herbivory
2213,,,22,2,Horton,31,3,"KBK,CAE,IM",,
2246,,,22,4,Horton,31,3,"KBK,CAE,IM",,
2214,,,26,4,Horton,31,3,"KBK,CAE,IM",,
2237,,,23,3,Horton,31,3,"KBK,CAE,IM",,
2235,,,20,4,Horton,32,3,"KBK,CAE",,
2211,,,23,2,Horton,32,3,"KBK,CAE",,
2250,,,18,3,Horton,32,3,"KBK,CAE",,
2215,,,19,3,Horton,32,3,"KBK,CAE",,
2212,,,16,4,Horton,33,3,"KBK,CAE",,
2227,,,19,3,Horton,33,3,"KBK,CAE",,
2242,,,21.5,4,Horton,33,3,"KBK,CAE",,
2210,,,23,3,Horton,33,3,"KBK,CAE",,
2331,,,18,3,Horton,28,3,"IM, SK",,
2103,,,26,3.5,Horton,28,3,"IM, SK",,
2332,,,18,4,Horton,28,3,"IM, SK",,
2330,,,14,3,Horton,28,3,"IM, SK",,
2457,,,29,4,Horton,19,3,"KBK, CAE",,
2460,,,25,4,Horton,19,3,"KBK, CAE",,
2476,,,27,3,Horton,19,3,"KBK, CAE",,
2471,,,22,3,Horton,19,3,"KBK, CAE",,
2491,,,32,5,Horton,4,3,"KBK, CAE",,
2494,,,36,4,Horton,4,3,"KBK, CAE",,
2487,,,22,4,Horton,4,3,"KBK, CAE",,
2495,,,25,5,Horton,4,3,"KBK, CAE",,
2275,,,29,4,Horton,18,3,"JL, CAE",,
2288,,,22,2,Horton,18,3,"JL, CAE",,
2473,,,16,2,Horton,18,3,"JL, CAE",,
2447,,,23,3,Horton,18,3,"JL, CAE",,
2442,,,28,4,Horton,16,3,"JL, CAE",,
2293,,,29,5,Horton,16,3,"JL, CAE",,
2351,,,25,4,Horton,16,3,"JL, CAE",,
2292,,,24,4,Horton,16,3,"JL, CAE",,
2577,,,21,4,Horton,1,3,"IM, SK",,
2375,,,27,3,Horton,1,3,"IM, SK",,
2379,,,20.5,3,Horton,1,3,"IM, SK",,
2362,,,26,3,Horton,1,3,"IM, SK",,
2151,,,17.5,3,Horton,2,3,"JL, SK",,
2162,,,18,4.5,Horton,2,3,"JL, SK",,
2168,,,17.5,3,Horton,2,3,"JL, SK",,
2165,,,17,2.5,Horton,2,3,"JL, SK",,
2383,,,13.5,5,Horton,3,3,"IM, SK",,
2368,,,16.5,3,Horton,3,3,"IM, SK",,
2372,,,23,3,Horton,3,3,"IM, SK",,
2386,,,12.5,3,Horton,3,3,"IM, SK",,
2395,,,16,3,Horton,5,3,"KBK, CAE",,
2393,,,22,3,Horton,5,3,"KBK, CAE",,
2392,,,21,3,Horton,5,3,"KBK, CAE",,
406,,,22,4,Horton,5,3,"KBK, CAE",,
2328,,,22,2.5,Horton,6,3,"IM, SK",,
2343,,,23.5,3,Horton,6,3,"IM, SK",,
2352,,,22.5,3,Horton,6,3,"IM, SK",,
2358,,,19.5,3,Horton,6,3,"IM, SK",,
2384,,,16,2,Horton,7,3,"JL, SK",,
2376,,,23,3,Horton,7,3,"JL, SK",,
2366,,,19.5,4.5,Horton,7,3,"JL, SK",,
866,,,26.5,3,Horton,7,3,"JL, SK",,
2370,,,24.5,4,Horton,8,3,"JL, SK",,
2381,,,16.5,4,Horton,8,3,"JL, SK",,
2369,,,16.5,4,Horton,8,3,"JL, SK",,
2380,,,22,4,Horton,8,3,"JL, SK",,
2297,,,20.5,4.5,Horton,10,3,"JL, SK",,
401,,,30,4.5,Horton,10,3,"JL, SK",,
2294,,,27.5,5,Horton,10,3,"JL, SK",,
2303,,,17.5,3.5,Horton,10,3,"JL, SK",,
2163,,,18,3.5,Horton,9,3,"JL, SK",,
2143,,,26,3.5,Horton,9,3,"JL, SK",,
2159,,,14.5,2,Horton,9,3,"JL, SK",,
2396,,,19,3,Horton,9,3,"JL, SK",,
2149,,,38.5,5,Horton,11,3,"JL, SK",,
2158,,,32,4.5,Horton,11,3,"JL, SK",,
2157,,,23.5,4.5,Horton,11,3,"JL, SK",,
2166,,,29,4,Horton,11,3,"JL, SK",,
2222,,,23.5,3,Horton,12,3,"IM, SK",,
2253,,,25,5,Horton,12,3,"IM, SK",,
2248,,,22,4.5,Horton,12,3,"IM, SK",,
2247,,,19.5,3,Horton,12,3,"IM, SK",,
2387,,,9.5,3,Horton,13,3,"JL, SK",,
2367,,,15,4,Horton,13,3,"JL, SK",,
2361,,,18,3.5,Horton,13,3,"JL, SK",,
2371,,,21,3,Horton,13,3,"JL, SK",,
2390,,,19.5,3.5,Horton,14,3,"JL, SK",,
2389,,,28.5,4,Horton,14,3,"JL, SK",,
2388,,,15.5,3,Horton,14,3,"JL, SK",,
2377,,,14.5,3,Horton,14,3,"JL, SK",,
402,,,15.5,3,Horton,15,3,"JL, SK",,
2397,,,13.5,4.5,Horton,15,3,"JL, SK",,
2202,,,18.5,4.5,Horton,15,3,"JL, SK",,
405,,,23,4.5,Horton,15,3,"JL, SK",,
2354,,,26,3.5,Horton,17,3,"IM, SK",,
2203,,,25,3,Horton,17,3,"IM, SK",,
2110,,,26,4,Horton,17,3,"IM, SK",,
2108,,,24.5,3.5,Horton,17,3,"IM, SK",,
2483,,,30,3,Horton,20,3,"KBK, CAE",,
2486,,,23,3,Horton,20,3,"KBK, CAE",,
2478,,,19.5,3,Horton,20,3,"KBK, CAE",,
2449,,,21,3,Horton,20,3,"KBK, CAE",,
2112,,,17,3,Horton,21,3,"KBK, CAE",,
2119,,,23.5,4,Horton,21,3,"KBK, CAE",,
2120,,,27,4,Horton,21,3,"KBK, CAE",,
2107,,,20,3,Horton,21,3,"KBK, CAE",,
2334,,,17.5,4,Horton,22,3,"IM, SK",,
2342,,,14.5,2.5,Horton,22,3,"IM, SK",,
2329,,,15.5,3,Horton,22,3,"IM, SK",,
2300,,,18.5,3,Horton,22,3,"IM, SK",,
2282,,,27,3,Horton,23,3,"KBK, CAE",,
2285,,,19,2,Horton,23,3,"KBK, CAE",,
2490,,,28,4,Horton,23,3,"KBK, CAE",,
2492,,,22,4,Horton,23,3,"KBK, CAE",,
2489,,,23,2,Horton,24,3,"KBK, CAE",,
2290,,,24,2,Horton,24,3,"KBK, CAE",,
2496,,,23,3,Horton,24,3,"KBK, CAE",,
2291,,,25,3,Horton,24,3,"KBK, CAE",,
2493,,,15,3,Horton,25,3,"KBK, CAE",,
2208,,,14,4,Horton,25,3,"KBK, CAE",,
2499,,,14,3,Horton,25,3,"KBK, CAE",,
2286,,,21,3,Horton,25,3,"KBK, CAE",,
2325,,,18,3,Horton,26,3,"IM, SK",,
2326,,,14.5,3,Horton,26,3,"IM, SK",,
2305,,,14.5,3,Horton,26,3,"IM, SK",,
2353,,,16,3.5,Horton,26,3,"IM, SK",,
2273,,,23,4,Horton,27,3,"KBK, CAE",,
2454,,,25,4,Horton,27,3,"KBK, CAE",,
2271,,,33,4,Horton,27,3,"KBK, CAE",,
2466,,,26,4,Horton,27,3,"KBK, CAE",,
2465,,,25,4,Horton,29,3,"KBK, CAE",,
2267,,,23,5,Horton,29,3,"KBK, CAE",,
2462,,,20,5,Horton,29,3,"KBK, CAE",,
2266,,,23,4,Horton,29,3,"KBK, CAE",,
2114,,,18,3,Horton,30,3,"KBK, CAE",,
2140,,,10,4,Horton,30,3,"KBK, CAE",,
2128,,,24,3,Horton,30,3,"KBK, CAE",,
2139,,,24,4,Horton,30,3,"KBK, CAE",,
2173,,,23.5,3,Horton ,2,1,"KBK, CAE",,
2182,,,27,5,Horton ,2,1,"KBK, CAE",,
2184,,,19.5,4,Horton ,2,1,"KBK, CAE",,
2174,,,30,5,Horton ,2,1,"KBK, CAE",,
2281,,,29,4,Horton ,27,1,"JL, CAE",,
2278,,,27.5,4,Horton ,27,1,"JL, CAE",,
2324,,,17,3,Horton ,27,1,"JL, CAE",,
2304,,,24,4,Horton ,27,1,"JL, CAE",,
2230,,,27,5,Horton ,23,1,"IM, SK",,
2252,,,29,5,Horton ,23,1,"IM, SK",,
2254,,,31,4.5,Horton ,23,1,"IM, SK",,
2228,,,26.5,4.5,Horton ,23,1,"IM, SK",,
2485,,,21,3,Horton ,18,1,"KBK, CAE",,
2276,,,21,3,Horton ,18,1,"KBK, CAE",,
2477,,,15,3,Horton ,18,1,"KBK, CAE",,
2446,,,32,3,Horton ,18,1,"KBK, CAE",,
2189,,,25,4,Horton ,22,1,"KBK, CAE",,
2188,,,31,2,Horton ,22,1,"KBK, CAE",,
2185,,,15,3,Horton ,22,1,"KBK, CAE",,
2176,,,15,3,Horton ,22,1,"KBK, CAE",,
2504,,,25.5,4,Horton ,1,1,"IM, SK",,
2378,,,25,3.5,Horton ,1,1,"IM, SK",,
2373,,,19,4,Horton ,1,1,"IM, SK",,
2336,,,22.5,3.5,Horton ,1,1,"IM, SK",,
2302,,,32,4.5,Horton ,4,1,"JL, SK",,
2298,,,32,5,Horton ,4,1,"JL, SK",,
2295,,,22,3,Horton ,4,1,"JL, SK",,
2399,,,23,4.5,Horton ,4,1,"JL, SK",,
2280,,,23,3,Horton ,5,1,"KBK, CAE",,
2482,,,21,3,Horton ,5,1,"KBK, CAE",,
2444,,,21,4,Horton ,5,1,"KBK, CAE",,
2445,,,23,4,Horton ,5,1,"KBK, CAE",,
2348,,,22,3,Horton ,6,1,"IM, SK",,
2344,,,22,2.5,Horton ,6,1,"IM, SK",,
2391,,,18.5,4,Horton ,6,1,"IM, SK",,
403,,,14,2.5,Horton ,6,1,"IM, SK",,
2337,,,16.5,4,Horton ,7,1,"IM, SK",,
2323,,,19.5,3,Horton ,7,1,"IM, SK",,
2340,,,19.5,3,Horton ,7,1,"IM, SK",,
2101,,,15,3.5,Horton ,7,1,"IM, SK",,
2115,,,24,3,Horton ,8,1,"IM, SK",,
2339,,,21,4,Horton ,8,1,"IM, SK",,
2104,,,30,3,Horton ,9,1,"KBK, CAE",,
2121,,,16,4,Horton ,9,1,"KBK, CAE",,
2196,,,24,3,Horton ,9,1,"KBK, CAE",,
2191,,,17,4,Horton ,9,1,"KBK, CAE",,
2204,,,22,4,Horton ,10,1,"KBK, CAE",,
2398,,,16,4,Horton ,10,1,"KBK, CAE",,
2113,,,20.5,3,Horton ,10,1,"KBK, CAE",,
2127,,,19,4,Horton ,10,1,"KBK, CAE",,
2265,,,12,3,Horton ,11,1,"KBK, JL",,
2415,,,25,4,Horton ,11,1,"KBK, JL",,
2414,,,30,3,Horton ,11,1,"KBK, JL",,
2407,,,22,4,Horton ,11,1,"KBK, JL",,
2284,,,20,3,Horton ,12,1,"JL, CAE",,
2497,,,25,4,Horton ,12,1,"JL, CAE",,
2474,,,30,5,Horton ,12,1,"JL, CAE",,
2274,,,28,3,Horton ,12,1,"JL, CAE",,
2301,,,12.5,3,Horton ,13,1,"JL, SK",,
2209,,,24,3,Horton ,13,1,"JL, SK",,
2360,,,23.5,4,Horton ,13,1,"JL, SK",,
2382,,,25,4,Horton ,13,1,"JL, SK",,
2102,,,13,3,Horton ,14,1,"KBK, CAE",,
2109,,,30,5,Horton ,14,1,"KBK, CAE",,
2118,,,18,3,Horton ,14,1,"KBK, CAE",,
2122,,,31,4,Horton ,14,1,"KBK, CAE",,
2192,,,24,3,Horton ,15,1,"KBK, CAE",,
2183,,,19,3,Horton ,15,1,"KBK, CAE",,
2199,,,19,3,Horton ,15,1,"KBK, CAE",,
2187,,,15,3,Horton ,15,1,"KBK, CAE",,
2232,,,23.5,4,Horton ,16,1,"IM, SK",,
2248,,,22,4,Horton ,16,1,"IM, SK",,
2251,,,25.5,3.5,Horton ,16,1,"IM, SK",,
2226,,,26,4,Horton ,16,1,"IM, SK",,
2408,,,17,4,Horton ,17,1,"JL, CAE",,
2317,,,24,3,Horton ,17,1,"JL, CAE",,
2404,,,20,4,Horton ,17,1,"JL, CAE",,
2416,,,23,3,Horton ,17,1,"JL, CAE",,
2197,,,19,3,Horton ,19,1,"KBK, CAE",,
2181,,,30,4,Horton ,19,1,"KBK, CAE",,
2194,,,21,4,Horton ,19,1,"KBK, CAE",,
2198,,,29,3,Horton ,19,1,"KBK, CAE",,
2321,,,18,2.5,Horton ,20,1,"IM, SK",,
2327,,,19.5,3.5,Horton ,20,1,"IM, SK",,
2335,,,18.5,3,Horton ,20,1,"IM, SK",,
2347,,,23,30,Horton ,20,1,"IM, SK",,
2349,,,22.5,4,Horton ,21,1,"IM, SK",,
2312,,,26,4,Horton ,24,1,"JL, CAE",,
2310,,,33,5,Horton ,24,1,"JL, CAE",,
2315,,,26,4,Horton ,24,1,"JL, CAE",,
2318,,,33,5,Horton ,24,1,"JL, CAE",,
2311,,,27,4,Horton ,25,1,"JL, CAE",,
2420,,,14,3,Horton ,25,1,"JL, CAE",,
2412,,,23,4,Horton ,25,1,"JL, CAE",,
2419,,,24,4,Horton ,25,1,"JL, CAE",,
2306,,,28,4,Horton ,26,1,"IM, SK",,
2359,,,23,4.5,Horton ,26,1,"IM, SK",,
2374,,,23,3,Horton ,26,1,"IM, SK",,
2341,,,22.5,3,Horton ,26,1,"IM, SK",,
2239,,,28.5,4.5,Horton ,28,1,"IM, SK",,
2223,,,32,4.5,Horton ,28,1,"IM, SK",,
2220,,,19,4.5,Horton ,28,1,"IM, SK",,
2217,,,23,3.5,Horton ,28,1,"IM, SK",,
2338,,,27.5,4,Horton ,29,1,"IM, SK",,
2236,,,31.5,4,Horton ,29,1,"IM, SK",,
2255,,,21,4.5,Horton ,29,1,"IM, SK",,
2469,,,33,5,Horton ,30,1,"KBK, CAE",,
2268,,,30,4,Horton ,30,1,"KBK, CAE",,
2270,,,18,4,Horton ,30,1,"KBK, CAE",,
2479,,,33,3,Horton ,30,1,"KBK, CAE",,
2231,,,26.5,4.5,Horton ,30,2,"IM, SK",,
2227,,,16.5,4.5,Horton ,30,2,"IM, SK",,
2241,,,25,3.5,Horton ,30,2,"IM, SK",,
2238,,,23,4,Horton ,30,2,"IM, SK",,
2172,,,23.5,5,Horton ,1,2,"KBK, CAE",,
2177,,,34,4,Horton ,1,2,"KBK, CAE",,
2275,,,29,6,Horton ,1,2,"KBK, CAE",,
2200,,,17,3,Horton ,1,2,"KBK, CAE",,
2154,,,21.5,4.5,Horton ,2,2,"JL, SK",,
2142,,,22.5,4.5,Horton ,2,2,"JL, SK",,
2164,,,32.5,4,Horton ,2,2,"JL, SK",,
2148,,,25,4,Horton ,2,2,"JL, SK",,
2179,,,17,3,Horton ,3,2,"KBK, CAE",,
2171,,,17,3,Horton ,3,2,"KBK, CAE",,
2178,,,23,4,Horton ,3,2,"KBK, CAE",,
2190,,,23,4,Horton ,3,2,"KBK, CAE",,
2283,,,14,3,Horton ,4,2,"KBK, CAE",,
2451,,,14,5,Horton ,4,2,"KBK, CAE",,
2484,,,27,4,Horton ,4,2,"KBK, CAE",,
2450,,,24,3,Horton ,4,2,"KBK, CAE",,
2146,,,18.5,4,Horton ,5,2,"JL, SK",,
2141,,,24,4.5,Horton ,5,2,"JL, SK",,
2145,,,21,4,Horton ,5,2,"JL, SK",,
2150,,,22,4.5,Horton ,5,2,"JL, SK",,
2287,,,25,4,Horton ,6,2,"JL, CAE",,
2289,,,38,4,Horton ,6,2,"JL, CAE",,
2500,,,22,4,Horton ,6,2,"JL, CAE",,
2456,,,28,4,Horton ,6,2,"JL, CAE",,
2103,,,21,6,Horton ,7,2,"KBK, CAE",,
2116,,,12,7,Horton ,7,2,"KBK, CAE",,
2117,,,28,5,Horton ,7,2,"KBK, CAE",,
2124,,,25,3,Horton ,7,2,"KBK, CAE",,
2156,,,26,4,Horton ,8,2,"JL, SK",,
2169,,,22.5,4.5,Horton ,8,2,"JL, SK",,
2155,,,20.5,5,Horton ,8,2,"JL, SK",,
2167,,,24,4.5,Horton ,8,2,"JL, SK",,
2470,,,29,5,Horton ,9,2,"KBK, CAE",,
2464,,,27,4,Horton ,9,2,"KBK, CAE",,
2463,,,28,4,Horton ,9,2,"KBK, CAE",,
2277,,,23,3,Horton ,9,2,"KBK, CAE",,
2245,,,16,4,Horton ,10,2,"JL, SK",,
2234,,,20,4.5,Horton ,10,2,"JL, SK",,
2240,,,21,3.5,Horton ,10,2,"JL, SK",,
2224,,,14,3.5,Horton ,10,2,"JL, SK",,
2126,,,35,5,Horton ,11,2,"KBK, CAE",,
2123,,,24,4,Horton ,11,2,"KBK, CAE",,
2125,,,30,3,Horton ,11,2,"KBK, CAE",,
2111,,,25.5,5,Horton ,11,2,"KBK, CAE",,
2161,,,14,3.5,Horton ,12,2,"JL, SK",,
2201,,,22,3.5,Horton ,12,2,"JL, SK",,
2160,,,18.5,3.5,Horton ,12,2,"JL, SK",,
2153,,,25,4.5,Horton ,12,2,"JL, SK",,
2152,,,23.5,4,Horton ,13,2,"JL, SK",,
2144,,,22,3,Horton ,13,2,"JL, SK",,
2170,,,20,4.5,Horton ,13,2,"JL, SK",,
2147,,,27,4.5,Horton ,13,2,"JL, SK",,
2180,,,23,3,Horton ,14,2,"KBK, CAE",,
2195,,,28,5,Horton ,14,2,"KBK, CAE",,
2193,,,27,5,Horton ,14,2,"KBK, CAE",,
2186,,,18,3,Horton ,14,2,"KBK, CAE",,
2467,,,24,4,Horton ,15,2,"KBK, CAE",,
2472,,,18,4,Horton ,15,2,"KBK, CAE",,
2468,,,22,5,Horton ,15,2,"KBK, CAE",,
2272,,,25,5,Horton ,15,2,"KBK, CAE",,
2453,,,14,4,Horton ,17,2,"KBK, CAE",,
2459,,,29,4,Horton ,17,2,"KBK, CAE",,
2458,,,20,4,Horton ,17,2,"KBK, CAE",,
2461,,,24,5,Horton ,17,2,"KBK, CAE",,
2413,,,20,3,Horton ,18,2,"JL, CAE",,
2314,,,27,4,Horton ,18,2,"JL, CAE",,
2403,,,16,5,Horton ,18,2,"JL, CAE",,
2313,,,13,4,Horton ,18,2,"JL, CAE",,
2296,,,28,4,Horton ,19,2,"KBK, CAE",,
404,,,26.5,4,Horton ,19,2,"KBK, CAE",,
2394,,,27,4,Horton ,19,2,"KBK, CAE",,
2299,,,30,4,Horton ,19,2,"KBK, CAE",,
2307,,,30,3,Horton ,20,2,"JL, CAE",,
2406,,,21,4,Horton ,20,2,"JL, CAE",,
2417,,,26,3,Horton ,20,2,"JL, CAE",,
2308,,,27,4,Horton ,20,2,"JL, CAE",,
2455,,,19.5,3,Horton ,21,2,"KBK, CAE",,
2475,,,26,4,Horton ,21,2,"KBK, CAE",,
2279,,,26,3,Horton ,21,2,"KBK, CAE",,
2481,,,30,3,Horton ,21,2,"KBK, CAE",,
2243,,,16,3.5,Horton ,23,2,"IM, SK",,
2219,,,21.5,3.5,Horton ,23,2,"IM, SK",,
2218,,,28,3.5,Horton ,23,2,"IM, SK",,
2244,,,27,4.5,Horton ,23,2,"IM, SK",,
2269,,,18,2,Horton ,24,2,"JL, CAE",,
2498,,,20,3,Horton ,24,2,"JL, CAE",,
2488,,,19.5,2,Horton ,24,2,"JL, CAE",,
2105,,,26,2,Horton ,24,2,"JL, CAE",,
2452,,,29,4,Horton ,25,2,"KBK, CAE",,
2443,,,29,4,Horton ,25,2,"KBK, CAE",,
2448,,,17,3,Horton ,25,2,"KBK, CAE",,
2480,,,27,4,Horton ,25,2,"KBK, CAE",,
2421,,,20,4,Horton ,26,2,"JL, CAE",,
2309,,,13,2,Horton ,26,2,"JL, CAE",,
2409,,,14,3,Horton ,26,2,"JL, CAE",,
2410,,,17,3,Horton ,26,2,"JL, CAE",,
2405,,,25,4,Horton ,27,2,"JL, CAE",,
2418,,,20.5,4,Horton ,27,2,"JL, CAE",,
2402,,,16,3,Horton ,27,2,"JL, CAE",,
2316,,,23,3,Horton ,27,2,"JL, CAE",,
2322,,,22,3.5,Horton ,29,2,"IM, SK",,
2333,,,22.5,2.5,Horton ,29,2,"IM, SK",,
2355,,,25,3,Horton ,29,2,"IM, SK",,
2345,,,14.5,2.5,Horton ,29,2,"IM, SK",,
440,,,22,4.5,Luna,21,2,"LB, DL",,
420,,,22,3.2,Luna,21,2,"LB, DL",,
423,,,24,4.5,Luna,21,2,"LB, DL",,
442,,,18.5,3.25,Luna,21,2,"LB, DL",,
429,,,15.5,3.55,Luna,19,3,"LB, DL",,
350,,,21.5,3.9,Luna,19,3,"LB, DL",,
454,,,28,4.35,Luna,19,3,"LB, DL",,
348,,,21,4.4,Luna,19,3,"LB, DL",,
439,,,23.5,3.6,Luna,19,2,"LB, DL",,
459,,,18.5,4.1,Luna,19,2,"LB, DL",,
434,,,32,3,Luna,19,2,"LB, DL",,
464,,,18.5,3.25,Luna,19,2,"LB, DL",,
439,,,24.5,3.9,Luna,22,2,"LB, DL",,
438,,,22.5,3.1,Luna,22,2,"LB, DL",,
433,,,19.5,3.25,Luna,22,2,"LB, DL",,
448,,,27,4.35,Luna,22,2,"LB, DL",,
425,,,28,37,Luna,23,1,"EV, SK",,
455,,,33,4.2,Luna,23,1,"EV, SK",,
457,,,23,3.5,Luna,23,1,"EV, SK",,
303,,,29,31,Luna,23,1,"EV, SK",,
354,,,21.5,4,Luna,25,2,"LB, DL",,
444,,,19.5,3.65,Luna,25,2,"LB, DL",,
445,,,19.5,3.95,Luna,25,2,"LB, DL",,
441,,,27,3.2,Luna,25,2,"LB, DL",,
358,,,24,3.8,Luna,29,2,"LB, DL",,
456,,,22,2.9,Luna,29,2,"LB, DL",,
308,,,29,3.2,Luna,29,2,"LB, DL",,
430,,,28.5,3.6,Luna,29,2,"LB, DL",,
422,,,21.5,3.1,Luna,17,2,"LB, DL ",,
844,,,20.5,4,Luna,17,2,"LB, DL ",,
555,,,25.5,2.9,Luna,17,2,"LB, DL ",,
368,,,28,2.75,Luna,17,2,"LB, DL ",,
322,,,29,4,Luna ,3,3,"SK, EV",,
310,,,21,3.4,Luna ,3,3,"SK, EV",,
311,,,24,3.1,Luna ,3,3,"SK, EV",,
467,,,18,4,Luna ,3,3,"SK, EV",,
353,,,27,3.4,Luna,20,1,"SK, EV",,
426,,,18,3.5,Luna,20,1,"SK, EV",,
409,,,19,3,Luna,20,1,"SK, EV",,
352,,,26,3.3,Luna,20,1,"SK, EV",,
316,,,24,3.5,Luna,3,1,"SK, EV",,
315,,,22,3.9,Luna,3,1,"SK, EV",,
309,,,21,3.1,Luna,3,1,"SK, EV",,
685,,,29,3.3,Luna,3,1,"SK, EV",,
341,,,21,2.8,Luna,5,1,"SK, EV",,
351,,,22.5,2.5,Luna,5,1,"SK, EV",,
304,,,21,3.9,Luna,5,1,"SK, EV",,
338,,,28.5,3.9,Luna,5,1,"SK, EV",,
499,,,20.5,3.5,Luna,7,1,"SK, EV",,
407,,,21.5,4.3,Luna,7,1,"SK, EV",,
605,,,20.5,4.1,Luna,7,1,"SK, EV",,
413,,,18.5,3,Luna,7,1,"SK, EV",,
345,,,20,3.6,Luna,20,3,"SK, EV",,
337,,,26,3.1,Luna,20,3,"SK, EV",,
414,,,19,3.4,Luna,20,3,"SK, EV",,
411,,,19,3.5,Luna,20,3,"SK, EV",,
345,,,27.5,3.2,Luna,15,1,"SK, EV",,
318,,,18.5,3.1,Luna,15,1,"SK, EV",,
317,,,18,4,Luna,15,1,"SK, EV",,
408,,,14,4,Luna,15,1,"SK, EV",,
320,,,33.5,4.4,Luna,14,1,"SK, EV",,
333,,,29,3.9,Luna,14,1,"SK, EV",,
355,,,22,3.5,Luna,14,1,"SK, EV",,
321,,,12,3.4,Luna,14,1,"SK, EV",,
336,,,28,3.6,Luna,11,3,"SK, EV",,
307,,,23.5,4,Luna,11,3,"SK, EV",,
344,,,25.5,4.5,Luna,11,3,"SK, EV",,
324,,,27.5,2.8,Luna,11,3,"SK, EV",,
323,,,22.5,3.5,Luna,16,1,"SK, EV",,
332,,,21,2.5,Luna,16,1,"SK, EV",,
432,,,25,2.5,Luna,16,1,"SK, EV",,
349,,,12,3.4,Luna,16,1,"SK, EV",,
436,,,24,3.75,Luna,16,2,"LB, DL",,
435,,,26.5,3.65,Luna,16,2,"LB, DL",,
450,,,23.5,3.25,Luna,16,2,"LB, DL",,
446,,,9.5,4.5,Luna,16,2,"LB, DL",,
449,,,17.5,2.9,Luna,29,3,"LB, DL",,
462,,,25,2.9,Luna,29,3,"LB, DL",,
458,,,21,2.95,Luna,29,3,"LB, DL",,
417,,,14.5,3.15,Luna,29,3,"LB, DL",,
597,,,25.5,,Luna,4,2,"DL, SK",,
507,,,21,,Luna,4,2,"DL, SK",,
502,,,21,,Luna,4,2,"DL, SK",,
540,,,11,,Luna,4,2,"DL, SK",,
884,,,12,2.26,Luna,9,2,"LB, NS",,
584,,,24.5,3.31,Luna,9,2,"LB, NS",,
857,,,23,3.82,Luna,9,2,"LB, NS",,
871,,,18,3.4,Luna,9,2,"LB, NS",,
553,,,23.5,3.1,Luna,3,2,"SK, EV",,
567,,,13.5,3.1,Luna,3,2,"SK, EV",,
859,,,18.5,4.08,Luna,3,2,"SK, EV",,
564,,,17.5,3.36,Luna,3,2,"SK, EV",,
533,,,21.5,2.78,Luna,12,2,"SK, EV",,
566,,,22.5,2.36,Luna,12,2,"SK, EV",,
862,,,16,2.76,Luna,12,2,"SK, EV",,
508,,,23,2.1,Luna,12,2,"SK, EV",,
610,,,24,3.25,Luna,27,2,"LB, DL",,
479,,,22,3.4,Luna,27,2,"LB, DL",,
482,,,16,2.7,Luna,27,2,"LB, DL",,
364,,,27.5,3.55,Luna,27,2,"LB, DL",,
342,,,20.5,3.9,Luna,8,2,"SK, EV",,
340,,,14.5,3.4,Luna,8,2,"SK, EV",,
329,,,13,3.2,Luna,8,2,"SK, EV",,
326,,,27.5,4,Luna,8,2,"SK, EV",,
834,,,31,3.9,Luna,14,2,"LB, DL",,
362,,,23.5,3,Luna,14,2,"LB, DL",,
578,,,14.5,2.45,Luna,14,2,"LB, DL",,
888,,,27,3.35,Luna,14,2,"LB, DL",,
588,,,23.5,3.25,Luna,6,2,,,
379,,,25,4.45,Luna,6,2,,,
545,,,31.5,4,Luna,6,2,,,
368,,,26,3.9,Luna,6,2,,,
396,,,29,4.2,Luna,23,2,"LB, DL",,
504,,,30,4.2,Luna,23,2,"LB, DL",,
525,,,27.5,4,Luna,23,2,"LB, DL",,
301,,,22,3.8,Luna,23,2,"LB, DL",,
861,,,19.5,4,Luna,24,2,"SK, EV",,
877,,,28.5,3.5,Luna,24,2,"SK, EV",,
551,,,20.5,3.6,Luna,24,2,"SK, EV",,
514,,,23.5,3.6,Luna,24,2,"SK, EV",,
883,,,29,3.35,Luna,13,2,"LB, DL",,
391,,,22,3.9,Luna,13,2,"LB, DL",,
614,,,25,3.6,Luna,13,2,"LB, DL",,
529,,,25.5,,Luna,13,2,"LB, DL",,
489,,,31,3.3,Luna ,10,2,"LB, DL",,
371,,,24,4.1,Luna ,10,2,"LB, DL",,
394,,,16,2.15,Luna ,10,2,"LB, DL",,
836,,,27,3.1,Luna ,10,2,"LB, DL",,
384,,,30,4.1,Luna,2,2,LB,,
373,,,24,3.9,Luna,2,2,LB,,
617,,,29.5,3.05,Luna,2,2,LB,,
574,,,29,3.8,Luna,18,2,"SK, EV",,
505,,,27,3.4,Luna,18,2,"SK, EV",,
583,,,29.5,3.7,Luna,18,2,"SK, EV",,
881,,,20.5,3.8,Luna,18,2,"SK, EV",,
636,,,19.5,4,Luna,28,2,"SK, EV",,
863,,,25.5,3,Luna,28,2,"SK, EV",,
527,,,26,3.7,Luna,28,2,"SK, EV",,
572,,,15.5,2.9,Luna,28,2,"SK, EV",,
544,,,23.5,3.9,Luna,20,2,"SK, EV",,
548,,,26,3.9,Luna,20,2,"SK, EV",,
581,,,28.5,3.9,Luna,20,2,"SK, EV",,
477,,,27.5,4.4,Luna,20,2,"SK, EV",,
573,,,24,4.1,Luna,30,2,"LB, DL",,
494,,,26.5,3.15,Luna,30,2,"LB, DL",,
562,,,35,4.3,Luna,30,2,"LB, DL",,
497,,,33,2.7,Luna,30,2,"LB, DL",,
382,,,24,3.4,Luna,15,2,"LB, DL",,
550,,,29.5,3.45,Luna,15,2,"LB, DL",,
493,,,35,3.9,Luna,15,2,"LB, DL",,
380,,,21,4.1,Luna,15,2,"LB, DL",,
841,,,29.5,3.5,Luna,26,2,"LB, DL",,
397,,,24.5,3.5,Luna,26,2,"LB, DL",,
679,,,30.5,3.2,Luna,26,2,"LB, DL",,
378,,,27,3.1,Luna,26,2,"LB, DL",,
521,,,245,3.13,Luna,2,2,"LB, NS",,
524,,,20,3.88,Luna,2,2,"LB, NS",,
880,,,16,3.66,Luna,2,2,"LB, NS",,
848,,,27,,Luna,2,2,"LB, NS",,
596,,,26,3.33,Luna,7,2,"LB, NRS",,
542,,,28,3.44,Luna,7,2,"LB, NRS",,
559,,,17.5,3.69,Luna,7,2,"LB, NRS",,
518,,,13.5,3.99,Luna,7,2,"LB, NRS",,
560,,,25.5,3.96,Luna,5,2,"SK, EV",,
547,,,25.5,3.47,Luna,5,2,"SK, EV",,
565,,,24.5,4.2,Luna,5,2,"SK, EV",,
860,,,18.5,2.44,Luna,5,2,"SK, EV",,
359,,,25.5,3,Luna,11,2,LB,,
376,,,17,2.7,Luna,11,2,LB,,
618,,,19,2.7,Luna,11,2,LB,,
890,,,23,3.2,Luna,11,2,LB,,
840,,,20,3.47,Luna,4,1,"LB, NRS",,
503,,,25,2.87,Luna,4,1,"LB, NRS",,
854,,,21,3.43,Luna,4,1,"LB, NRS",,
837,,,18,2.56,Luna,4,1,"LB, NRS",,
874,,,32.5,4.31,Luna,12,1,"LB, NRS",,
852,,,27,3.08,Luna,12,1,"LB, NRS",,
536,,,13,3.84,Luna,12,1,"LB, NRS",,
501,,,22.5,3.4,Luna,12,1,"LB, NRS",,
849,,,28.5,4.5,Luna,13,1,"SK, EV",,
586,,,23.5,3.64,Luna,13,1,"SK, EV",,
600,,,16.5,3.84,Luna,13,1,"SK, EV",,
593,,,22.5,2.96,Luna,13,1,"SK, EV",,
523,,,26.5,3.5,Luna,18,1,"LB, DL",,
546,,,27,3.7,Luna,18,1,"LB, DL",,
369,,,32.5,3.1,Luna,18,1,"LB, DL",,
485,,,23,4.05,Luna,18,1,"LB, DL",,
595,,,31.5,3.6,Luna,10,1,"DL, LB ",,
374,,,32,3.4,Luna,10,1,"DL, LB ",,
835,,,24,3.1,Luna,10,1,"DL, LB ",,
592,,,33.5,4,Luna,10,1,"DL, LB ",,
868,,,25,4.15,Luna,9,1,"DL, LB ",,
484,,,31,3.3,Luna,9,1,"DL, LB ",,
607,,,27,3.2,Luna,9,1,"DL, LB ",,
383,,,21.5,4,Luna,9,1,"DL, LB ",,
330,,,31.5,3.8,Luna,30,1,"SK, EV",,
328,,,36.5,3.8,Luna,30,1,"SK, EV",,
331,,,24.5,4,Luna,30,1,"SK, EV",,
325,,,20.5,3,Luna,30,1,"SK, EV",,
483,,,21,3.3,Luna,25,1,"SK, EV",,
528,,,30.5,3.9,Luna,25,1,"SK, EV",,
608,,,22.5,3.2,Luna,25,1,"SK, EV",,
853,,,23.5,2.9,Luna,25,1,"SK, EV",,
539,,,23.5,3.5,Luna,27,1,"SK, EV",,
587,,,22.5,3,Luna,27,1,"SK, EV",,
885,,,27,3.7,Luna,27,1,"SK, EV",,
372,,,17,3,Luna,27,1,"SK, EV",,
498,,,27.5,3.6,Luna,29,1,"SK, EV",,
599,,,20.5,2.9,Luna,29,1,"SK, EV",,
842,,,22.5,3.4,Luna,29,1,"SK, EV",,
619,,,26,3.4,Luna,29,1,"SK, EV",,
474,,,22,3.2,Luna,26,1,"SK, EV",,
561,,,22,4.1,Luna,26,1,"SK, EV",,
887,,,18.5,3.5,Luna,26,1,"SK, EV",,
475,,,29.5,3.9,Luna,26,1,"SK, EV",,
580,,,18,2.5,Luna,8,1,"SK, EV",,
838,,,13.5,3,Luna,8,1,"SK, EV",,
381,,,28,3.5,Luna,8,1,"SK, EV",,
398,,,34,3.7,Luna,8,1,"SK, EV",,
589,,,15,3.39,Luna,1,1,"LB, NRS",,
517,,,20,3.18,Luna,1,1,"LB, NRS",,
858,,,27,2.75,Luna,1,1,"LB, NRS",,
845,,,22.5,2.98,Luna,1,1,"LB, NRS",,
571,,,13,3.35,Luna,6,1,"LB, NS",,
568,,,22,3.22,Luna,6,1,"LB, NS",,
594,,,17.5,3.14,Luna,6,1,"LB, NS",,
563,,,12,2.55,Luna,6,1,"LB, NS",,
832,,,19.5,3.9,Luna,11,1,"SK, EV",,
534,,,13.5,3.2,Luna,11,1,"SK, EV",,
854,,,15.5,2.15,Luna,11,1,"SK, EV",,
664,,,12.5,3.41,Luna,11,1,"SK, EV",,
870,,,24,3.3,Luna,21,1,,,
361,,,22,3.25,Luna,21,1,,,
602,,,18.5,3.7,Luna,21,1,,,
476,,,23,3.95,Luna,21,1,,,
319,,,17,3.5,Luna,20,1,"SK, EV",,
356,,,22,3.5,Luna,20,1,"SK, EV",,
306,,,17.5,3.5,Luna,20,1,"SK, EV",,
357,,,21.5,3.3,Luna,20,1,"SK, EV",,
675,,,19,3.2,Luna,28,1,"SK, EV",,
873,,,12,4,Luna,28,1,"SK, EV",,
532,,,19.5,3,Luna,28,1,"SK, EV",,
392,,,19,3.5,Luna,28,1,"SK, EV",,
513,,,15.5,3.9,Luna,22,1,"SK, EV",,
530,,,13.5,3.8,Luna,22,1,"SK, EV",,
515,,,27.5,4.1,Luna,22,1,"SK, EV",,
543,,,21.5,3.5,Luna,22,1,"SK, EV",,
872,,,37,3.1,Luna,12,3,"DL, LB ",,
511,,,26,4.4,Luna,12,3,"DL, LB ",,
387,,,20.5,4.7,Luna,12,3,"DL, LB ",,
541,,,16,4,Luna,12,3,"DL, LB ",,
366,,,19,3.5,Luna,19,1,"SK, EV",,
491,,,29,3.5,Luna,19,1,"SK, EV",,
393,,,26,3.2,Luna,19,1,"SK, EV",,
606,,,20.5,2.9,Luna,19,1,"SK, EV",,
385,,,22,4,Luna,17,1,"SK, EV",,
557,,,32,4.3,Luna,17,1,"SK, EV",,
531,,,25.5,2.9,Luna,17,1,"SK, EV",,
879,,,26.5,2.9,Luna,17,1,"SK, EV",,
400,,,20,3.6,Luna,22,3,"LB, DL",,
612,,,21,3.4,Luna,22,3,"LB, DL",,
590,,,33,3.5,Luna,22,3,"LB, DL",,
490,,,24.5,3.6,Luna,22,3,"LB, DL",,
611,,,16,3.29,Luna,5,3,"SK, EV",,
582,,,14.5,2.6,Luna,5,3,"SK, EV",,
609,,,14.5,3.31,Luna,5,3,"SK, EV",,
879,,,16.5,2.26,Luna,5,3,"SK, EV",,
514,,,14,4.27,Luna,2,3,"LB, NRS",,
856,,,21,3.48,Luna,2,3,"LB, NRS",,
878,,,13.5,3.73,Luna,2,3,"LB, NRS",,
569,,,19,3.42,Luna,2,3,"LB, NRS",,
882,,,21,3.65,Luna,28,3,"LB, NRS",,
864,,,17,3.93,Luna,28,3,"LB, NRS",,
510,,,23.5,4.44,Luna,28,3,"LB, NRS",,
535,,,27,3.64,Luna,28,3,"LB, NRS",,
579,,,21,2.15,Luna,23,3,"LB, DL",,
538,,,17.5,3.05,Luna,23,3,"LB, DL",,
681,,,19,3.7,Luna,23,3,"LB, DL",,
891,,,28,3.3,Luna,23,3,"LB, DL",,
865,,,22,4,Luna,21,3,"LB, DL",,
554,,,18.5,3.05,Luna,21,3,"LB, DL",,
591,,,21.5,3.85,Luna,21,3,"LB, DL",,
831,,,25.5,4,Luna,21,3,"LB, DL",,
570,,,22.5,2.41,Luna,8,3,"SK, EV",,
653,,,21,3.52,Luna,8,3,"SK, EV",,
886,,,19.5,2.54,Luna,8,3,"SK, EV",,
537,,,26,4.63,Luna,8,3,"SK, EV",,
388,,,31,3.1,Luna,6,3,"LB, DL",,
488,,,23.5,3.1,Luna,6,3,"LB, DL",,
620,,,24.5,4.2,Luna,6,3,"LB, DL",,
624,,,18,3.3,Luna,6,3,"LB, DL",,
360,,,26,3.3,Luna,10,3,"LB, DL",,
520,,,19,3.4,Luna,10,3,"LB, DL",,
395,,,19.5,4.4,Luna,10,3,"LB, DL",,
481,,,29,3.3,Luna,10,3,"LB, DL",,
399,,,20.5,4.15,Luna,4,3,"LB, DL",,
367,,,25,3.15,Luna,4,3,"LB, DL",,
899,,,24,2.8,Luna,4,3,"LB, DL",,
894,,,24.5,3.2,Luna,4,3,"LB, DL",,
334,,,25.5,3,Luna,15,3,"SK, EV",,
327,,,29.5,4.3,Luna,15,3,"SK, EV",,
335,,,24,3.5,Luna,15,3,"SK, EV",,
343,,,18.5,3.4,Luna,15,3,"SK, EV",,
410,,,37,3.6,Luna,17,3,"SK, EV",,
302,,,17,3,Luna,17,3,"SK, EV",,
305,,,13.5,3.4,Luna,17,3,"SK, EV",,
313,,,18,3.9,Luna,17,3,"SK, EV",,
389,,,21.5,3.7,Luna,25,3,"SK, EV",,
495,,,18,2.8,Luna,25,3,"SK, EV",,
386,,,20.5,2.6,Luna,25,3,"SK, EV",,
552,,,26.5,2.7,Luna,25,3,"SK, EV",,
869,,,26,2.9,,24,3,"SK, EV",,
492,,,18.5,3.5,,24,3,"SK, EV",,
496,,,24,3.2,,24,3,"SK, EV",,
486,,,21.5,4,,24,3,"SK, EV",,
576,,,26.5,4,,30,3,"SK, EV",,
377,,,26.5,3.6,,30,3,"SK, EV",,
472,,,21.5,4,,30,3,"SK, EV",,
471,,,38.5,3.9,,30,3,"SK, EV",,
506,,,22,3.86,Luna,14,3,"SK, EV",,
616,,,15,,Luna,14,3,"SK, EV",,
846,,,17,,Luna,14,3,"SK, EV",,
889,,,16,,Luna,14,3,"SK, EV",,
556,,,17,4.31,Luna,1,3,"LB, NRS",,
512,,,16.5,2.7,Luna,1,3,"LB, NRS",,
867,,,14,3.41,Luna,1,3,"LB, NRS",,
509,,,32.5,3.99,Luna,1,3,"LB, NRS",,
847,,,19.5,3.31,Luna,13,3,"LB, NRS",,
575,,,22.5,3.27,Luna,13,3,"LB, NRS",,
839,,,28,2.98,Luna,13,3,"LB, NRS",,
522,,,16,2.73,Luna,13,3,"LB, NRS",,
615,,,17.5,3.45,Luna,18,3,"LB, DL",,
516,,,21.5,3.8,Luna,18,3,"LB, DL",,
850,,,16.5,3.2,Luna,18,3,"LB, DL",,
370,,,19,3.55,Luna,18,3,"LB, DL",,
613,,,16.5,3.3,Luna,16,3,"LB, DL",,
892,,,24,3.7,Luna,16,3,"LB, DL",,
526,,,13,3.1,Luna,16,3,"LB, DL",,
875,,,16.5,4.1,Luna,16,3,"LB, DL",,
500,,,19,3.4,Luna,26,3,"SK, EV",,
390,,,13.5,3.6,Luna,26,3,"SK, EV",,
478,,,17.5,3.9,Luna,26,3,"SK, EV",,
558,,,19,3.5,Luna,26,3,"SK, EV",,
375,,,21,3.45,Luna,27,3,"LB, DL",,
363,,,24.5,3.4,Luna,27,3,"LB, DL",,
601,,,32,3.9,Luna,27,3,"LB, DL",,
487,,,16,3.8,Luna,27,3,"LB, DL",,
855,,,20.5,3.3,Luna,7,3,"LB, DL",,
473,,,29,4.05,Luna,7,3,"LB, DL",,
843,,,22.5,3.15,Luna,7,3,"LB, DL",,
549,,,27.5,5.3,Luna,7,3,"LB, DL",,
128,,,23,2.34,Pack Creek,14,1,"LB, SK",,
131,,,22,2.85,Pack Creek,14,1,"LB, SK",,
126,,,25.5,2.8,Pack Creek,14,1,"LB, SK",,
124,,,22,3.46,Pack Creek,14,1,"LB, SK",,
110,,,18,2.14,Pack Creek,10,1,"LB, LY",,
105,,,17,2.87,Pack Creek,10,1,"LB, LY",,
83,,,22.5,2.92,Pack Creek,10,1,"LB, LY",,
232,,,23.5,2.63,Pack Creek,10,1,"LB, LY",,
36,,,16.5,4.42,Pack Creek,6,1,"LB, LY",,
77,,,15,3.51,Pack Creek,6,1,"LB, LY",,
32,,,24,4,Pack Creek,6,1,"LB, LY",,
44,,,17,4.73,Pack Creek,6,1,"LB, LY",,
53,,,24.5,3.85,Pack Creek,5,1,"LB, LY",,
21,,,20.5,4.25,Pack Creek,5,1,"LB, LY",,
34,,,22,3.97,Pack Creek,5,1,"LB, LY",,
40,,,18.5,3.96,Pack Creek,5,1,"LB, LY",,
241,,,20.5,3.99,Pack Creek,21,1,LB,,
246,,,33,4.21,Pack Creek,21,1,LB,,
245,,,27,4.64,Pack Creek,21,1,LB,,
175,,,21,4.36,Pack Creek,21,1,LB,,
813,,,19,2.88,Pack Creek,31,1,"LB, SK",,
195,,,18,3.61,Pack Creek,31,1,"LB, SK",,
196,,,21.5,2.97,Pack Creek,31,1,"LB, SK",,
169,,,22,4.94,Pack Creek,31,1,"LB, SK",,
827,,,23,4.94,Pack Creek,32,1,"LB, SK",,
178,,,26.5,3.58,Pack Creek,32,1,"LB, SK",,
154,,,16.5,4.62,Pack Creek,32,1,"LB, SK",,
199,,,24,3.87,Pack Creek,32,1,"LB, SK",,
709,,,25,4.05,Pack Creek,33,1,"LB, SK",,
708,,,18.5,4.55,Pack Creek,33,1,"LB, SK",,
710,,,20,3.88,Pack Creek,33,1,"LB, SK",,
704,,,18,3.13,Pack Creek,33,1,"LB, SK",,
730,,,16,3.96,Pack Creek,34,1,"LB, SK",,
191,,,19,3.94,Pack Creek,34,1,"LB, SK",,
712,,,18,3.53,Pack Creek,34,1,"LB, SK",,
190,,,28,4.18,Pack Creek,34,1,"LB, SK",,
736,,,23,3.37,Pack Creek,35,1,"LB, SK",,
747,,,11,3.58,Pack Creek,35,1,"LB, SK",,
760,,,18,3.72,Pack Creek,35,1,"LB, SK",,
720,,,25,3.07,Pack Creek,35,1,"LB, SK",,
786,,,26,3.54,Pack Creek,38,1,"LB, LY",,
790,,,25,3.47,Pack Creek,38,1,"LB, LY",,
772,,,21,3.22,Pack Creek,38,1,"LB, LY",,
769,,,13,3.28,Pack Creek,38,1,"LB, LY",,
173,,,23,2.74,Pack Creek,30,1,"LB, SS",,
806,,,18,1.64,Pack Creek,30,1,"LB, SS",,
198,,,24.5,2.02,Pack Creek,30,1,"LB, SS",,
809,,,21.5,2.82,Pack Creek,30,1,"LB, SS",,
825,,,20.5,1.33,Pack Creek,31,1,"LB, SS",,
830,,,26.5,1.59,Pack Creek,31,1,"LB, SS",,
155,,,15,1.77,Pack Creek,31,1,"LB, SS",,
810,,,20,1.79,Pack Creek,31,1,"LB, SS",,
784,,,24.5,3,Pack Creek ,45,1,"SK, SS",,
696,,,21,4.46,Pack Creek ,45,1,"SK, SS",,
676,,,21,3.72,Pack Creek ,45,1,"SK, SS",,
627,,,22,3.33,Pack Creek ,45,1,"SK, SS",,
690,,,19.5,4.03,Pack Creek ,43,1,"SK, SS",,
673,,,26,3.24,Pack Creek ,43,1,"SK, SS",,
660,,,19.5,3.05,Pack Creek ,43,1,"SK, SS",,
682,,,26,3.67,Pack Creek ,43,1,"SK, SS",,
650,,,24,3.09,Pack Creek ,40,1,"SK, SS",,
695,,,21.5,3.45,Pack Creek ,40,1,"SK, SS",,
672,,,22,3.19,Pack Creek ,40,1,"SK, SS",,
646,,,78,2.98,Pack Creek ,40,1,"SK, SS",,
666,,,18.5,3.31,Pack Creek ,37,1,"LB, LY",,
775,,,18.5,4.16,Pack Creek ,37,1,"LB, LY",,
794,,,16.5,3.08,Pack Creek ,37,1,"LB, LY",,
787,,,28,3.52,Pack Creek ,37,1,"LB, LY",,
123,,,23,3.8,Pack Creek,18,1,"LB, SK",,
144,,,32,4.7,Pack Creek,18,1,"LB, SK",,
149,,,16,2.7,Pack Creek,18,1,"LB, SK",,
654,,,20,3.65,Pack Creek ,39,1,"SK, SS",,
798,,,22,3.46,Pack Creek ,39,1,"SK, SS",,
643,,,22,4.4,Pack Creek ,39,1,"SK, SS",,
655,,,21.5,4.09,Pack Creek ,42,1,"SK, SS",,
651,,,22,3.7,Pack Creek ,42,1,"SK, SS",,
648,,,25,4.32,Pack Creek ,42,1,"SK, SS",,
652,,,21.5,3.8,Pack Creek ,44,1,"SK, SS",,
697,,,20,3.88,Pack Creek ,44,1,"SK, SS",,
658,,,30.5,3.6,Pack Creek ,44,1,"SK, SS",,
200,,,27,4.01,Pack Creek ,29,1,"LB, SS",,
817,,,19,4.07,Pack Creek ,29,1,"LB, SS",,
163,,,23,4.39,Pack Creek ,29,1,"LB, SS",,
180,,,20,2.8,Pack Creek ,26,1,"SS, LY",,
197,,,18.5,3.36,Pack Creek ,26,1,"SS, LY",,
807,,,20,3.05,Pack Creek ,26,1,"SS, LY",,
187,,,20,3.81,Pack Creek ,23,1,"SS, LY",,
171,,,28,4.16,Pack Creek ,23,1,"SS, LY",,
818,,,18.5,3.54,Pack Creek ,23,1,"SS, LY",,
233,,,22.5,3.93,Pack Creek ,27,1,"SS, LY ",,
184,,,14.5,2.88,Pack Creek ,27,1,"SS, LY ",,
185,,,20,3.43,Pack Creek ,27,1,"SS, LY ",,
815,,,21,4.35,Pack Creek ,22,1,"LB, SK",,
820,,,24.5,3.89,Pack Creek ,22,1,"LB, SK",,
828,,,24,3.42,Pack Creek ,22,1,"LB, SK",,
294,,,15.5,4.17,Pack Creek,20,1,"LB, SK",,
210,,,17.5,3.92,Pack Creek,20,1,"LB, SK",,
823,,,20,3.36,Pack Creek,20,1,"LB, SK",,
808,,,92.5,4.5,Pack Creek ,19,1,"LB, SK",,
253,,,18,3.59,Pack Creek ,19,1,"LB, SK",,
240,,,20,3.6,Pack Creek ,19,1,"LB, SK",,
284,,,20.5,2.67,Pack Creek ,12,1,"SK, LY",,
243,,,24,2.84,Pack Creek ,12,1,"SK, LY",,
261,,,19.5,3.28,Pack Creek ,12,1,"SK, LY",,
281,,,19,2.6,Pack Creek ,11,1,"SK, LY ",,
260,,,13.5,3.8,Pack Creek ,11,1,"SK, LY ",,
289,,,19.5,3.62,Pack Creek ,11,1,"SK, LY ",,
269,,,18.5,2.89,Pack Creek ,13,1,"SK, LY",,
247,,,21.5,3.01,Pack Creek ,13,1,"SK, LY",,
300,,,21.5,2.48,Pack Creek ,13,1,"SK, LY",,
88,,,20,3.15,Pack Creek ,7,1,"LB, LY",,
99,,,14.5,2.58,Pack Creek ,7,1,"LB, LY",,
98,,,20,3.01,Pack Creek ,7,1,"LB, LY",,
129,,,17,3.44,Pack Creek,15,1,"LB, SK",,
140,,,18.5,3,Pack Creek,15,1,"LB, SK",,
151,,,12,2.6,Pack Creek,15,1,"LB, SK",,
143,,,17,3.83,Pack Creek ,16,1,"LB, SK",,
145,,,20,3.12,Pack Creek ,16,1,"LB, SK",,
148,,,17,2.25,Pack Creek ,16,1,"LB, SK",,
740,,,20.5,3.43,Pack Creek ,36,1,"LB, SK",,
754,,,18,4.8,Pack Creek ,36,1,"LB, SK",,
194,,,21,4.42,Pack Creek ,25,1,"SS, LY ",,
186,,,18,3.48,Pack Creek ,25,1,"SS, LY ",,
183,,,19.5,4.48,Pack Creek ,24,1,"SS, LY",,
829,,,20.5,3.83,Pack Creek ,24,1,"SS, LY",,
182,,,15.5,3.98,Pack Creek ,28,1,"SS, LY",,
188,,,24.5,4.58,Pack Creek ,28,1,"SS, LY",,
121,,,26,4.04,Pack Creek,17,1,"LB, SK",,
142,,,25.5,4.5,Pack Creek,17,1,"LB, SK",,
147,,,23,3.66,Pack Creek,17,1,"LB, SK",,
119,,,29,4.06,Pack Creek,17,1,"LB, SK",,
120,,,19,3.85,Pack Creek,17,1,"LB, SK",,
632,,,18,4.75,Pack Creek ,41,1,"SS, SK",,
622,,,21.5,3.5,Pack Creek ,41,1,"SS, SK",,
649,,,17.5,3.32,Pack Creek ,41,1,"SS, SK",,
645,,,20,3.8,Pack Creek ,41,1,"SS, SK",,
641,,,27,3.87,Pack Creek ,41,1,"SS, SK",,
115,,,18,3.25,Pack Creek ,16,3,"LB, SS",,
114,,,25,3.61,Pack Creek,16,3,"LB, SS",,
122,,,18,2.67,Pack Creek ,16,3,"LB, SS",,
118,,,19,2.94,Pack Creek ,16,3,"LB, SS",,
68,,,19.5,4.54,Pack Creek ,8,3,"LB, LY",,
45,,,21.5,3.14,Pack Creek ,8,3,"LB, LY",,
63,,,14,3.63,Pack Creek ,8,3,"LB, LY",,
60,,,18.5,3.23,Pack Creek ,8,3,"LB, LY",,
292,,,22.5,2.61,Pack Creek ,17,3,"SK, LY",,
223,,,28.5,3.81,Pack Creek ,17,3,"SK, LY",,
214,,,18.5,3.2,Pack Creek ,17,3,"SK, LY",,
107,,,19.5,3.18,Pack Creek ,17,3,"SK, LY",,
14,,,32,4.78,Pack Creek ,4,3,KY,,
13,,,25,4.4,Pack Creek ,4,3,KY,,
89,,,20,4.57,Pack Creek ,4,3,KY,,
15,,,20.5,3.71,Pack Creek ,4,3,KY,,
5,,,17,4.24,Pack Creek ,2,3,KY,,
7,,,28,4.62,Pack Creek ,2,3,KY,,
6,,,20.5,5.64,Pack Creek ,2,3,KY,,
8,,,31.5,4.26,Pack Creek ,2,3,KY,,
804,,,22.5,2.35,Pack Creek ,22,3,"LB, SS, SK",,
193,,,15,3.17,Pack Creek ,22,3,"LB, SS, SK",,
167,,,25,2.86,Pack Creek ,22,3,"LB, SS, SK",,
153,,,17.5,4.27,Pack Creek ,22,3,"LB, SS, SK",,
156,,,15.5,3.87,Pack Creek ,22,3,"LB, SK ",,
165,,,28,4.74,Pack Creek ,22,3,"LB, SK ",,
174,,,16.5,3.31,Pack Creek ,22,3,"LB, SK ",,
164,,,17.5,4.12,Pack Creek ,22,3,"LB, SK ",,
159,,,25,5.14,Pack Creek ,23,3,"LB, SK ",,
724,,,18.5,3.13,Pack Creek ,23,3,"LB, SK ",,
725,,,16.5,3.91,Pack Creek ,23,3,"LB, SK ",,
718,,,18.5,3.36,Pack Creek ,23,3,"LB, SK ",,
761,,,22,3.78,Pack Creek ,28,3,LY,,
741,,,20.5,4.15,Pack Creek ,28,3,LY,,
757,,,30,3.93,Pack Creek ,28,3,LY,,
744,,,19,3.78,Pack Creek ,28,3,LY,,
168,,,16,4.25,Pack Creek ,20,3,"LB, SS",,
801,,,18.5,2.51,Pack Creek ,20,3,"LB, SS",,
172,,,16.5,3.88,Pack Creek ,20,3,"LB, SS",,
826,,,14.5,2.59,Pack Creek ,20,3,"LB, SS",,
170,,,16.5,1.86,Pack Creek,21,3,"LB, SS",,
295,,,18,2.01,Pack Creek,21,3,"LB, SS",,
192,,,17.5,1.58,Pack Creek,21,3,"LB, SS",,
162,,,17.5,2.11,Pack Creek,21,3,"LB, SS",,
733,,,180,2.8,Pack Creek,26,3,LY,,
732,,,24,3.83,Pack Creek,26,3,LY,,
743,,,22,3.8,Pack Creek,26,3,LY,,
752,,,16.5,3.75,Pack Creek,26,3,LY,,
756,,,20,2.56,Pack Creek,25,3,LY,,
758,,,15,3.44,Pack Creek,25,3,LY,,
734,,,21.5,2.91,Pack Creek,25,3,LY,,
745,,,16,3.08,Pack Creek,25,3,LY,,
755,,,27.5,2.96,Pack Creek ,24,3,LY,,
759,,,20,3.32,Pack Creek ,24,3,LY,,
738,,,16.5,3.35,Pack Creek ,24,3,LY,,
750,,,13,4.05,Pack Creek ,24,3,LY,,
767,,,15,3.88,Pack Creek,29,3,LY,,
626,,,17.5,3.81,Pack Creek,29,3,LY,,
698,,,22.5,3.45,Pack Creek,29,3,LY,,
774,,,18,3.69,Pack Creek,29,3,LY,,
773,,,19,3.34,Pack Creek ,30,3,LY,,
625,,,16,4.17,Pack Creek ,30,3,LY,,
776,,,13,3.04,Pack Creek ,30,3,LY,,
800,,,20,4.82,Pack Creek ,30,3,LY,,
793,,,24,4.22,Pack Creek,31,3,LY,,
797,,,29.5,4.34,Pack Creek,31,3,LY,,
782,,,20.5,3.42,Pack Creek,31,3,LY,,
763,,,26,3.15,Pack Creek,31,3,LY,,
762,,,23.5,4.22,Pack Creek,34,3,LY,,
795,,,26,3.72,Pack Creek,34,3,LY,,
770,,,24,4.35,Pack Creek,34,3,LY,,
768,,,21.5,3.5,Pack Creek,34,3,LY,,
659,,,30,4.68,Pack Creek ,37,3,"SS, SK",,
628,,,21.5,3.16,Pack Creek ,37,3,"SS, SK",,
630,,,22,3.43,Pack Creek ,37,3,"SS, SK",,
671,,,27.5,4.93,Pack Creek ,37,3,"SS, SK",,
644,,,24.5,3.87,Pack Creek ,36,3,SK ,,
647,,,22.5,4.83,Pack Creek ,36,3,SK ,,
683,,,23,4.18,Pack Creek ,36,3,SK ,,
678,,,23,3.46,Pack Creek ,36,3,SK ,,
669,,,24.5,4.13,Pack Creek ,32,3,"SK, SS",,
699,,,16,2.74,Pack Creek ,32,3,"SK, SS",,
700,,,22.5,3.91,Pack Creek ,32,3,"SK, SS",,
668,,,21,3.71,Pack Creek ,32,3,"SK, SS",,
670,,,18,3.86,Pack Creek,35,3,"SK, SS",,
684,,,19.5,4.51,Pack Creek,35,3,"SK, SS",,
693,,,24.5,3,Pack Creek,35,3,"SK, SS",,
680,,,27.5,4,Pack Creek,35,3,"SK, SS",,
656,,,24.5,4.45,Pack Creek ,33,3,"SK, SS",,
689,,,18,3.95,Pack Creek ,33,3,"SK, SS",,
640,,,22,3.41,Pack Creek ,33,3,"SK, SS",,
691,,,27,4.03,Pack Creek ,33,3,"SK, SS",,
783,,,18,3.43,Pack Creek ,27,3,"LB, LY",,
791,,,16,3.56,Pack Creek ,27,3,"LB, LY",,
771,,,22.5,3.56,Pack Creek ,27,3,"LB, LY",,
781,,,20.5,4.05,Pack Creek ,27,3,"LB, LY",,
17,,,26.5,4.82,Pack Creek,5,3,KY,,
100,,,22.5,3.12,Pack Creek,5,3,KY,,
87,,,20.5,3,Pack Creek,5,3,KY,,
31,,,20,4.02,Pack Creek,5,3,KY,,
29,,,18.5,3.59,Pack Creek,5,3,KY,,
58,,,30,4.51,Pack Creek,5,3,KY,,
93,,,23.5,4.08,Pack Creek,5,3,KY,,
70,,,23,4.54,Pack Creek,5,3,KY,,
242,,,20,3.03,Pack Creek ,,3,"SS, LY",,
290,,,22.5,2.73,Pack Creek ,,3,"SS, LY",,
249,,,19,3.35,Pack Creek ,,3,"SS, LY",,
204,,,24,3.66,Pack Creek ,,3,"SS, LY",,
266,,,19,3.09,Pack Creek ,,3,"SS, LY",,
238,,,20,3.01,Pack Creek ,,3,"SS, LY",,
227,,,26,2.71,Pack Creek ,,3,"SS, LY",,
239,,,22,2.76,Pack Creek ,,3,"SS, LY",,
69,,,20,4.34,Pack Creek ,7,3,"LB, LY",,
73,,,21.5,3.68,Pack Creek ,7,3,"LB, LY",,
42,,,13.5,3.89,Pack Creek ,7,3,"LB, LY",,
61,,,17.5,3.19,Pack Creek ,7,3,"LB, LY",,
51,,,13,2.91,Pack Creek ,7,3,"LB, LY",,
92,,,17,3.62,Pack Creek ,7,3,"LB, LY",,
47,,,26,3.92,Pack Creek ,7,3,"LB, LY",,
62,,,16.5,2.75,Pack Creek ,7,3,"LB, LY",,
819,,,15.5,2.92,Pack Creek ,19,3,"LB, SK ",,
824,,,21,4.95,Pack Creek ,19,3,"LB, SK ",,
811,,,15.5,4.57,Pack Creek ,19,3,"LB, SK ",,
0,,,30,5.29,Pack Creek ,1,3,SK,,
1,,,21.5,3.17,Pack Creek ,1,3,SK,,
2,,,20.5,2.79,Pack Creek ,1,3,SK,,
3,,,24.5,4.09,Pack Creek ,1,3,SK,,
4,,,21.5,4.28,Pack Creek ,1,3,SK,,
209,,,16,3.71,Pack Creek,9,3,"LB, LY",,
217,,,26,3.55,Pack Creek,9,3,"LB, LY",,
9,,,18,3.22,Pack Creek,3,3,KY,,
10,,,16.5,3.57,Pack Creek,3,3,KY,,
11,,,23.5,3.04,Pack Creek,3,3,KY,,
12,,,13,3.19,Pack Creek,3,3,KY,,
16,,,16,4.71,Pack Creek,3,3,KY,,
66,,,26.5,4.19,Pack Creek,3,3,KY,,
237,,,23,2.86,Pack Creek ,13,3,"LB, LY",,
220,,,18,2.58,Pack Creek ,13,3,"LB, LY",,
235,,,23,3.06,Pack Creek ,13,3,"LB, LY",,
228,,,18.5,3.13,Pack Creek ,13,3,"LB, LY",,
234,,,19.5,2.72,Pack Creek ,13,3,"LB, LY",,
250,,,29,3.14,Pack Creek,14,3,"SK, LY",,
251,,,30,2.94,Pack Creek,14,3,"SK, LY",,
244,,,29,3.65,Pack Creek,14,3,"SK, LY",,
236,,,18,3.54,Pack Creek,12,3,"LB, LY",,
229,,,15.5,3.06,Pack Creek,12,3,"LB, LY",,
230,,,18,3.38,Pack Creek,12,3,"LB, LY",,
267,,,33,3.76,Pack Creek ,15,3,"SK, LY",,
264,,,26,3.35,Pack Creek ,15,3,"SK, LY",,
283,,,20,2.72,Pack Creek ,15,3,"SK, LY",,
256,,,28,4.06,Pack Creek ,15,3,"SK, LY",,
274,,,20,3.07,Pack Creek ,15,3,"SK, LY",,
252,,,29,3.59,Pack Creek ,15,3,"SK, LY",,
76,,,28,4.65,Pack Creek,6,3,KY,,
38,,,25,4.09,Pack Creek,6,3,KY,,
50,,,24,3.85,Pack Creek,6,3,KY,,
48,,,28,4.79,Pack Creek,6,3,KY,,
78,,,21.5,3.73,Pack Creek,6,3,KY,,
30,,,25.5,4.79,Pack Creek,6,3,KY,,
132,,,17,3.45,Pack Creek,15,2,"LB, SK ",,
138,,,15,4.5,Pack Creek,15,2,"LB, SK ",,
135,,,19.5,3.68,Pack Creek,15,2,"LB, SK ",,
136,,,17,4,Pack Creek,15,2,"LB, SK ",,
134,,,13,3.07,Pack Creek,15,2,"LB, SK ",,
139,,,13.5,3.12,Pack Creek,15,2,"LB, SK ",,
141,,,19,3.21,Pack Creek,15,2,"LB, SK ",,
130,,,30.5,3.59,Pack Creek,15,2,"LB, SK ",,
117,,,23,3.41,Pack Creek,14,2,"LB, SS",,
146,,,19.5,2.83,Pack Creek,14,2,"LB, SS",,
150,,,19,3.41,Pack Creek,14,2,"LB, SS",,
116,,,19.5,2.91,Pack Creek,14,2,"LB, SS",,
137,,,25,3.15,Pack Creek,14,2,"LB, SS",,
125,,,21,3.17,Pack Creek,14,2,"LB, SS",,
133,,,17,3.16,Pack Creek,14,2,"LB, SS",,
127,,,22.5,2.74,Pack Creek,14,2,"LB, SS",,
213,,,19.5,2.54,Pack Creek,9,2,"LB, LY",,
207,,,23.5,3.27,Pack Creek,9,2,"LB, LY",,
226,,,17,2.86,Pack Creek,9,2,"LB, LY",,
222,,,18.5,2.65,Pack Creek,9,2,"LB, LY",,
112,,,18,3.62,Pack Creek,9,2,"LB, LY",,
224,,,19.5,2.97,Pack Creek,9,2,"LB, LY",,
231,,,20,3.69,Pack Creek,9,2,"LB, LY",,
216,,,28,4.22,Pack Creek,9,2,"LB, LY",,
52,,,25.5,3.58,Pack Creek,5,2,"LB, LY",,
96,,,16,3.4,Pack Creek,5,2,"LB, LY",,
49,,,20,3.77,Pack Creek,5,2,"LB, LY",,
57,,,24,3.53,Pack Creek,5,2,"LB, LY",,
254,,,20.5,2.85,Pack Creek ,,2,"SS, LY",,
297,,,26.5,2.77,Pack Creek ,,2,"SS, LY",,
257,,,31,3.04,Pack Creek ,,2,"SS, LY",,
271,,,24.5,2.98,Pack Creek ,,2,"SS, LY",,
299,,,18,2.99,Pack Creek ,,2,"SS, LY",,
272,,,18,2.58,Pack Creek ,,2,"SS, LY",,
291,,,18.5,3.73,Pack Creek ,,2,"SS, LY",,
277,,,23,3.34,Pack Creek ,,2,"SS, LY",,
181,,,18,3.14,Pack Creek,18,2,"SS, LY",,
248,,,14,2.65,Pack Creek,18,2,"SS, LY",,
176,,,18,2.57,Pack Creek,18,2,"SS, LY",,
166,,,24.5,3.14,Pack Creek,18,2,"SS, LY",,
161,,,26.5,4.13,Pack Creek,20,2,"LB, SK ",,
158,,,22,4.19,Pack Creek,20,2,"LB, SK ",,
293,,,12,3.75,Pack Creek,20,2,"LB, SK ",,
160,,,21,3.37,Pack Creek,20,2,"LB, SK ",,
711,,,29,4.89,Pack Creek,21,2,"LB, SK ",,
714,,,20,3.93,Pack Creek,21,2,"LB, SK ",,
713,,,18,4.17,Pack Creek,21,2,"LB, SK ",,
715,,,17,4.53,Pack Creek,21,2,"LB, SK ",,
703,,,17.5,3.89,Pack Creek,22,2,"LB, SK ",,
707,,,22,3.63,Pack Creek,22,2,"LB, SK ",,
705,,,21.5,3.44,Pack Creek,22,2,"LB, SK ",,
706,,,25,4.17,Pack Creek,22,2,"LB, SK ",,
719,,,15,3.03,Pack Creek,23,2,"LB, SK ",,
729,,,18.5,3.67,Pack Creek,23,2,"LB, SK ",,
728,,,22,3.59,Pack Creek,23,2,"LB, SK ",,
717,,,18,3.6,Pack Creek,23,2,"LB, SK ",,
721,,,19,3.4,Pack Creek,24,2,"LB, SK ",,
722,,,17,3.33,Pack Creek,24,2,"LB, SK ",,
725,,,13,3.16,Pack Creek,24,2,"LB, SK ",,
727,,,16,3.33,Pack Creek,24,2,"LB, SK ",,
189,,,21.5,3.96,Pack Creek,25,2,"LB, SK ",,
702,,,15.5,4.42,Pack Creek,25,2,"LB, SK ",,
701,,,17,3.82,Pack Creek,25,2,"LB, SK ",,
723,,,25,2.96,Pack Creek,25,2,"LB, SK ",,
742,,,19,3.87,Pack Creek,26,2,,,
716,,,18,3.35,Pack Creek,26,2,,,
802,,,14,3.97,Pack Creek,26,2,,,
748,,,24.5,4.26,Pack Creek,26,2,,,
737,,,18.5,4.96,Pack Creek,27,2,"LB, SK ",,
735,,,22.5,3.62,Pack Creek,27,2,"LB, SK ",,
753,,,24.5,3.4,Pack Creek,27,2,"LB, SK ",,
739,,,24.5,4.05,Pack Creek,27,2,"LB, SK ",,
751,,,19.5,2.88,Pack Creek,28,2,"LB, SK ",,
746,,,25,3.38,Pack Creek,28,2,"LB, SK ",,
749,,,20,3.91,Pack Creek,28,2,"LB, SK ",,
731,,,26,2.96,Pack Creek,28,2,"LB, SK ",,
822,,,17.5,3.33,Pack Creek ,19,2,,,
814,,,20,2.73,Pack Creek ,19,2,,,
816,,,31.5,2.88,Pack Creek ,19,2,,,
157,,,25.5,4.08,Pack Creek ,19,2,,,
687,,,34,3.87,Pack Creek,37,2,"SK, SS",,
634,,,21,4.52,Pack Creek,37,2,"SK, SS",,
688,,,22,2.79,Pack Creek,37,2,"SK, SS",,
677,,,22,4.82,Pack Creek,37,2,"SK, SS",,
764,,,23.5,3,Pack Creek,36,2,"SK, SS",,
662,,,23.5,3.28,Pack Creek,36,2,"SK, SS",,
661,,,23.5,3.64,Pack Creek,36,2,"SK, SS",,
674,,,27,3.26,Pack Creek,36,2,"SK, SS",,
638,,,22.5,3.75,Pack Creek,35,2,"SK, SS",,
663,,,21,4.15,Pack Creek,35,2,"SK, SS",,
692,,,20,4,Pack Creek,35,2,"SK, SS",,
657,,,20.5,4.03,Pack Creek,35,2,"SK, SS",,
629,,,20,3.04,Pack Creek,34,2,"SK, SS",,
639,,,21,2.86,Pack Creek,34,2,"SK, SS",,
623,,,18.5,3.88,Pack Creek,34,2,"SK, SS",,
792,,,21.5,4.51,Pack Creek,34,2,"SK, SS",,
789,,,24,3.78,Pack Creek,33,2,"SS, SK",,
621,,,21,3.25,Pack Creek,33,2,"SS, SK",,
631,,,21.5,4.06,Pack Creek,33,2,"SS, SK",,
635,,,22.5,4.13,Pack Creek,33,2,"SS, SK",,
796,,,18,3.85,Pack Creek,32,2,"SS, SK",,
665,,,18.5,4.19,Pack Creek,32,2,"SS, SK",,
686,,,19,3.32,Pack Creek,32,2,"SS, SK",,
765,,,27,4.59,Pack Creek,32,2,"SS, SK",,
637,,,18,3.53,Pack Creek ,31,2,"SS, SK",,
766,,,27.5,3.48,Pack Creek ,31,2,"SS, SK",,
642,,,23,3.04,Pack Creek ,31,2,"SS, SK",,
785,,,22,3.69,Pack Creek ,31,2,"SS, SK",,
633,,,27.5,4.28,Pack Creek,30,2,"SS, SK",,
778,,,25.5,3.21,Pack Creek,30,2,"SS, SK",,
694,,,22,3.23,Pack Creek,30,2,"SS, SK",,
799,,,19.5,3.19,Pack Creek,30,2,"SS, SK",,
780,,,27,3.13,Pack Creek,29,2,"LB, LY",,
777,,,18,3.33,Pack Creek,29,2,"LB, LY",,
779,,,24,3.44,Pack Creek,29,2,"LB, LY",,
788,,,27,4.01,Pack Creek,29,2,"LB, LY",,
270,,,16.5,3.18,Pack Creek ,12,2,"SK, LY",,
275,,,13.5,4.21,Pack Creek ,12,2,"SK, LY",,
803,,,21,5.09,Pack Creek,17,2,"LB, SK ",,
177,,,20,3.54,Pack Creek,17,2,"LB, SK ",,
812,,,19.5,4.76,Pack Creek,17,2,"LB, SK ",,
821,,,21.5,3.71,Pack Creek,17,2,"LB, SK ",,
805,,,19,3.64,Pack Creek,17,2,"LB, SK ",,
219,,,14,3.15,Pack Creek,17,2,"LB, SK ",,
221,,,18,3.91,Pack Creek,7,2,"LB, LY",,
225,,,22,4.2,Pack Creek,7,2,"LB, LY",,
258,,,13.5,2.69,Pack Creek,10,2,"SK, LY",,
259,,,18,2.92,Pack Creek,10,2,"SK, LY",,
262,,,15,3.93,Pack Creek,10,2,"SK, LY",,
288,,,22,2.4,Pack Creek,10,2,"SK, LY",,
263,,,16.5,3.21,Pack Creek,10,2,"SK, LY",,
268,,,20.5,3.04,Pack Creek,10,2,"SK, LY",,
287,,,21,4.22,Pack Creek,11,2,"SK, LY",,
255,,,16.5,3.69,Pack Creek,11,2,"SK, LY",,
286,,,16,4.37,Pack Creek,11,2,"SK, LY",,
276,,,20.5,4.57,Pack Creek,11,2,"SK, LY",,
278,,,12.5,2.82,Pack Creek,11,2,"SK, LY",,
273,,,21,2.27,Pack Creek,11,2,"SK, LY",,
280,,,22,4.4,Pack Creek,13,2,"SK, LY",,
285,,,23,2.64,Pack Creek,13,2,"SK, LY",,
298,,,18,2.67,Pack Creek,13,2,"SK, LY",,
296,,,19,2.87,Pack Creek,13,2,"SK, LY",,
279,,,20.5,2.99,Pack Creek,13,2,"SK, LY",,
282,,,22.5,2.53,Pack Creek,13,2,"SK, LY",,
39,,,14.5,3.45,Pack Creek,4,2,"LB, SK ",,
56,,,26,3.01,Pack Creek,4,2,"LB, SK ",,
35,,,30.5,4.79,Pack Creek,4,2,"LB, SK ",,
72,,,22,3.96,Pack Creek,4,2,"LB, SK ",,
74,,,18,4.18,Pack Creek,4,2,"LB, SK ",,
91,,,23.5,3.9,Pack Creek,4,2,"LB, SK ",,
27,,,25,3.97,Pack Creek,6,2,"LB, LY",,
33,,,20.5,3.69,Pack Creek,6,2,"LB, LY",,
22,,,15.5,3.92,Pack Creek,6,2,"LB, LY",,
37,,,16.5,4.6,Pack Creek,6,2,"LB, LY",,
71,,,27,3.11,Pack Creek,6,2,"LB, LY",,
55,,,15,3.85,Pack Creek,6,2,"LB, LY",,
41,,,24,3.26,Pack Creek,3,2,"LB, SS",,
97,,,29,3.61,Pack Creek,3,2,"LB, SS",,
54,,,24,3.32,Pack Creek,4,1,"SS, LB",,
20,,,21,3.69,Pack Creek,4,1,"SS, LB",,
64,,,12,3.86,Pack Creek,3,2,"LB, SS",,
46,,,17,4.07,Pack Creek,3,2,"LB, SS",,
25,,,15,4.45,Pack Creek,3,2,"LB, SS",,
23,,,22,3.39,Pack Creek,3,2,"LB, SS",,
65,,,15,3.6,Pack Creek,3,1,"LB, SS",,
75,,,21,2.22,Pack Creek,3,1,"LB, SS",,
19,,,26,3.94,Pack Creek,3,1,"LB, SS",,
67,,,22,4.02,Pack Creek,3,1,"LB, SS",,
18,,,25,3.44,Pack Creek,2,1,"SS, LB",,
79,,,24,3.87,Pack Creek,2,1,"SS, LB",,
90,,,16,3.07,Pack Creek,2,1,"SS, LB",,
28,,,31.5,4.27,Pack Creek,1,1,SS,,
26,,,18,3.82,Pack Creek,1,1,SS,,
24,,,21,4.22,Pack Creek,1,1,SS,,
86,,,23,3.18,Pack Creek,9,1,"SS, SK",,
109,,,19.5,3.63,Pack Creek,9,1,"SS, SK",,
106,,,20.5,2.67,Pack Creek,9,1,"SS, SK",,
81,,,19,3.16,Pack Creek,11,3,"SK, SS",,
201,,,21.5,3.06,Pack Creek,11,3,"SK, SS",,
206,,,20.5,2.78,Pack Creek,11,3,"SK, SS",,
85,,,18,3.89,Pack Creek,11,3,"SK, SS",,
80,,,20,3.39,Pack Creek,11,3,"SK, SS",,
211,,,18.5,3.21,Pack Creek,11,3,"SK, SS",,
202,,,23,3.52,Pack Creek,11,3,"SK, SS",,
212,,,22,3.72,Pack Creek,11,3,"SK, SS",,
108,,,23,3.29,Pack Creek ,10,3,"SK, SS",,
205,,,21,2.79,Pack Creek ,10,3,"SK, SS",,
215,,,18,3.84,Pack Creek ,10,3,"SK, SS",,
208,,,17,2.02,Pack Creek ,10,3,"SK, SS",,
84,,,20,3.5,Pack Creek ,10,3,"SK, SS",,
203,,,21.5,2.54,Pack Creek ,10,3,"SK, SS",,
82,,,18,2.06,Pack Creek ,10,3,"SK, SS",,
111,,,31,3.45,Pack Creek ,10,3,"SK, SS",,
102,,,19,3.7,Pack Creek,8,1,"SK, SS",,
103,,,16,2.4,Pack Creek,8,1,"SK, SS",,
101,,,22,3.36,Pack Creek ,8,2,"SK, SS",,
104,,,18,2.77,Pack Creek ,8,2,"SK, SS",,
113,,,18,3.22,Pack Creek ,8,2,"SK, SS",,
218,,,20,4.25,Pack Creek ,8,2,"SK, SS",,
