tag_id,photo_no,planter,recorder,azimuth,dist,log_ht,comp_sp,comp_dist,comp_ht,grass,forb,shrub,rock,cwd,litter,bare_soil,moss,snag,other,total
2213,A2319,CAE,"KBK,CAE,IM",,,,,,,25,10,,11,14,37,3,,,,100
2246,A2319,CAE,"KBK,CAE,IM",,,,,,,7,15,,20,2,22,34,,,,100
2214,A2319,CAE,"KBK,CAE,IM",,,,,,,6,22,,13,4,30,15,,,,90
2237,A2319,CAE,"KBK,CAE,IM",,,,,,,13,8,,13,13,40,13,,,,100
2235,A2320,IM,"KBK,CAE",,,,,,,26,8,,7,3,55,1,,,,100
2211,A2320,IM,"KBK,CAE",,,,,,,18,5,,23,5,43,6,,,,100
2250,A2320,IM,"KBK,CAE",,,,,,,25,5,,11,4,53,2,,,,100
2215,A2320,IM,"KBK,CAE",,,,,,,50,2,,6,4,36,2,,,,100
2212,A2321,"CAE, KBK","KBK,CAE",,,,,,,,18,,6,3,66,7,,,,100
2227,A2321,"CAE, KBK","KBK,CAE",,,,,,,12,13,15,8,2,38,12,,,,100
2242,A2321,"CAE, KBK","KBK,CAE",,,,,,,2,22,13,8,4,41,10,,,,100
2210,A2321,"CAE, KBK","KBK,CAE",,,,,,,14,,2,4,,75,5,,,,100
2331,B1705,SK,"IM, SK",,,,,,,1,2,,25,5,47,20,,,,100
2103,B1705,SK,"IM, SK",,,,,,,,2,,15,,83,,,,,100
2332,B1705,SK,"IM, SK",,,,,,,,,,20,5,60,5,10,,,100
2330,B1705,SK,"IM, SK",,,,,,,8,10,,,8,64,10,,,,100
2457,A2295,JL,"KBK, CAE",,,,,,,10,26,,20,4,20,20,,,,100
2460,A2295,JL,"KBK, CAE",,,,,,,35,15,,10,4,26,10,,,,100
2476,A2295,JL,"KBK, CAE",,,,,,,8,20,,15,2,25,30,,,,100
2471,A2295,JL,"KBK, CAE",,,,,,,26,8,,12,5,44,5,,,,100
2491,A2303,IM,"KBK, CAE",,,,,,,,10,,5,3,67,15,,,,100
2494,A2303,IM,"KBK, CAE",,,,,,,,27,,10,3,25,35,,,,100
2487,A2303,IM,"KBK, CAE",,,,,,,1,26,10,,,43,20,,,,100
2495,A2303,IM,"KBK, CAE",,,,,,,,25,,12,3,27,33,,,,100
2275,A2308,JL,"JL, CAE",,,,,,,6,6,,19,2,57,10,,,,100
2288,A2308,JL,"JL, CAE",,,,,,,8,12,,6,6,53,15,,,,100
2473,A2308,JL,"JL, CAE",,,,,,,15,22,,3,3,51,6,,,,100
2447,A2308,JL,"JL, CAE",,,,,,,7,24,,18,6,28,17,,,,100
2442,A2305,IM,"JL, CAE",,,,,,,2,32,,10,2,44,10,,,,100
2293,A2305,IM,"JL, CAE",,,,,,,38,2,,10,3,39,8,,,,100
2351,A2305,IM,"JL, CAE",,,,,,,,54,,10,3,25,8,,,,100
2292,A2305,IM,"JL, CAE",,,,,,,,30,,15,2,30,23,,,,100
2577,B1612,KBK,"IM, SK",,,,,,,,5,,10,5,60,20,,,,100
2375,B1612,KBK,"IM, SK",,,,,,,,5,,10,,10,10,65,,,100
2379,B1612,KBK,"IM, SK",,,,,,,2,2,,10,5,5,5,71,,,100
2362,B1612,KBK,"IM, SK",,,,,,,,,,10,5,5,5,75,,,100
2151,B1676,UNK,"JL, SK",,,,,,,10,4,,5,,81,,,,,100
2162,B1676,UNK,"JL, SK",,,,,,,5,8,,5,,82,,,,,100
2168,B1676,UNK,"JL, SK",,,,,,,5,40,,5,,50,,,,,100
2165,B1676,UNK,"JL, SK",,,,,,,25,25,,,,40,10,,,,100
2383,B1691,CAE,"IM, SK",,,,,,,10,5,,8,8,49,20,,,,100
2368,B1691,CAE,"IM, SK",,,,,,,10,5,,5,,35,10,35,,,100
2372,B1691,CAE,"IM, SK",,,,,,,5,5,,10,5,65,10,,,,100
2386,B1691,CAE,"IM, SK",,,,,,,,2,,10,5,58,20,5,,,100
2395,A2287,JL,"KBK, CAE",,,,,,,1,8,,7,1,58,25,,,,100
2393,A2287,JL,"KBK, CAE",,,,,,,,3,,2,1,77,17,,,,100
2392,A2287,JL,"KBK, CAE",,,,,,,,40,,2,2,44,12,,,,100
406,A2287,JL,"KBK, CAE",,,,,,,,30,,3,,54,13,,,,100
2328,B1710,SK,"IM, SK",,,,,,,,5,,,,90,,5,,,100
2343,B1710,SK,"IM, SK",,,,,,,15,20,,5,,60,,,,,100
2352,B1710,SK,"IM, SK",,,,,,,,,,10,,80,,10,,,100
2358,B1710,SK,"IM, SK",,,,,,,2,25,,8,,65,,,,,100
2384,B1690,IM,"JL, SK",,,,OE sp,90,24.5,,2,,10,,78,10,,,,100
2376,B1690,IM,"JL, SK",,,,OE sp,180,24.5,,10,,20,,70,,,,,100
2366,B1690,IM,"JL, SK",,,,,,,,10,,20,,66,4,,,,100
866,B1690,IM,"JL, SK",,,,OE sp,113,24.5,,5,,20,,75,,,,,100
2370,B1688,UNK,"JL, SK",,,,,,,,15,,30,5,50,,,,,100
2381,B1688,UNK,"JL, SK",,,,,,,,15,,20,,65,,,,,100
2369,B1688,UNK,"JL, SK",,,,,,,,8,,20,,67,5,,,,100
2380,B1688,UNK,"JL, SK",,,,,,,4,8,,8,,80,,,,,100
2297,B1683/B1684,JL,"JL, SK",,,,,,,,15,,,,80,,5,,,100
401,B1683/B1684,JL,"JL, SK",,,,,,,10,15,,70,5,,,,,,100
2294,B1683/B1684,JL,"JL, SK",,,,,,,,20,,,,78,2,,,,100
2303,B1683/B1684,JL,"JL, SK",,,,,,,20,8,,15,,57,,,,,100
2163,B1682,IM,"JL, SK",,,,,,,,4,,15,,71,10,,,,100
2143,B1682,IM,"JL, SK",,,,,,,,8,,10,,77,5,,,,100
2159,B1682,IM,"JL, SK",,,,,,,,5,,5,,85,5,,,,100
2396,B1682,IM,"JL, SK",,,,,,,,8,,5,,87,,,,,100
2149,B1677,UNK,"JL, SK",,,,,,,,8,,,10,82,,,,,100
2158,B1677,UNK,"JL, SK",,,,,,,5,10,,5,8,72,,,,,100
2157,B1677,IM,"JL, SK",,,,,,,25,10,,5,,55,5,,,,100
2166,B1677,IM,"JL, SK",,,,,,,10,5,,10,,45,30,,,,100
2222,B1714,IM,"IM, SK",,,,,,,,8,,10,,77,5,,,,100
2253,B1714,IM,"IM, SK",,,,,,,,15,,5,,60,10,10,,,100
2248,B1714,IM,"IM, SK",,,,,,,,10,,10,,75,5,,,,100
2247,B1714,IM,"IM, SK",,,,,,,,10,,20,,65,5,,,,100
2387,B1687,UNK,"JL, SK",,,,,,,,10,,35,4,46,5,,,,100
2367,B1687,UNK,"JL, SK",,,,,,,10,30,,10,,50,,,,,100
2361,B1687,UNK,"JL, SK",,,,ROWO,141,16,,8,,30,,62,,,,,100
2371,B1687,UNK,"JL, SK",,,,ROWO,75,16,,15,,15,,65,5,,,,100
2390,B1689,UNK,"JL, SK",,,,,,,15,8,,20,,52,5,,,,100
2389,B1689,UNK,"JL, SK",,,,,,,,10,,10,,72,8,,,,100
2388,B1689,UNK,"JL, SK",,,,,,,,25,,10,,65,,,,,100
2377,B1689,UNK,"JL, SK",,,,,,,5,15,,10,,70,,,,,100
402,B1685,JL,"JL, SK",,,,,,,15,10,,,4,46,25,,,,100
2397,B1685,JL,"JL, SK",,,,,,,8,30,,4,5,53,,,,,100
2202,B1685,JL,"JL, SK",,,,,,,8,10,,10,,72,,,,,100
405,B1685,JL,"JL, SK",,,,,,,15,15,,20,,45,5,,,,100
2354,B1703,SK,"IM, SK",,,,,,,,,,15,,75,10,,,,100
2203,B1703,SK,"IM, SK",,,,,,,2,5,,8,,20,25,40,,,100
2110,B1703,SK,"IM, SK",,,,,,,8,,,20,,54,8,10,,,100
2108,B1703,SK,"IM, SK",,,,,,,1,,,8,,71,10,10,,,100
2483,A2290,JL,"KBK, CAE",,,,,,,14,28,,4,4,2,48,,,,100
2486,A2290,JL,"KBK, CAE",,,,,,,13,11,,15,3,14,44,,,,100
2478,A2290,JL,"KBK, CAE",,,,,,,6,44,,5,6,15,24,,,,100
2449,A2290,JL,"KBK, CAE",,,,,,,,38,,16,7,28,11,,,,100
2112,A2282,JL,"KBK, CAE",,,,,,,50,1,,,,38,11,,,,100
2119,A2282,JL,"KBK, CAE",,,,,,,12,24,16,1,,12,25,,,,90
2120,A2282,JL,"KBK, CAE",,,,,,,8,36,5,4,2,10,35,,,,100
2107,A2282,JL,"KBK, CAE",,,,,,,16,15,42,14,3,10,,,,,100
2334,B1712,SK,"IM, SK",,,,,,,15,8,,,2,60,5,10,,,100
2342,B1712,SK,"IM, SK",,,,,,,8,2,,,,75,,15,,,100
2329,B1712,SK,"IM, SK",,,,,,,,10,,5,10,75,,,,,100
2300,B1712,SK,"IM, SK",,,,,,,2,8,,8,,52,10,10,,,90
2282,A2302,JL,"KBK, CAE",,,,,,,6,30,,15,4,40,5,,,,100
2285,A2302,JL,"KBK, CAE",,,,,,,5,30,,4,2,49,10,,,,100
2490,A2302,JL,"KBK, CAE",,,,,,,20,30,,10,8,22,10,,,,100
2492,A2302,JL,"KBK, CAE",,,,,,,5,31,,4,3,47,10,,,,100
2489,A2301,IM,"KBK, CAE",,,,,,,25,30,,4,8,18,15,,,,100
2290,A2301,IM,"KBK, CAE",,,,,,,60,24,,2,1,10,3,,,,100
2496,A2301,IM,"KBK, CAE",,,,,,,50,22,,4,3,20,1,,,,100
2291,A2301,IM,"KBK, CAE",,,,,,,59,15,,2,2,20,2,,,,100
2493,A2304,JL,"KBK, CAE",,,,,,,5,12,,10,3,48,22,,,,100
2208,A2304,JL,"KBK, CAE",,,,,,,,9,,8,,60,23,,,,100
2499,A2304,JL,"KBK, CAE",,,,,,,,29,,12,4,40,15,,,,100
2286,A2304,JL,"KBK, CAE",,,,,,,6,10,,11,3,58,12,,,,100
2325,B1701,SK,"IM, SK",,,,,,,,,,15,10,40,30,5,,,100
2326,B1701,SK,"IM, SK",,,,,,,,5,,15,,50,20,10,,,100
2305,B1701,SK,"IM, SK",,,,,,,30,2,,15,,33,20,,,,100
2353,B1701,SK,"IM, SK",,,,,,,8,,,20,,15,10,47,,,100
2273,A2299,IM,"KBK, CAE",,,,,,,7,17,,6,2,53,15,,,,100
2454,A2299,IM,"KBK, CAE",,,,,,,,4,,10,3,78,5,,,,100
2271,A2299,IM,"KBK, CAE",,,,,,,,25,,8,7,50,10,,,,100
2466,A2299,IM,"KBK, CAE",,,,,,,4,25,1,7,6,53,4,,,,100
2465,A2300,JL,"KBK, CAE",,,,,,,10,24,3,6,,54,3,,,,100
2267,A2300,JL,"KBK, CAE",,,,,,,1,30,10,2,3,44,10,,,,100
2462,A2300,JL,"KBK, CAE",,,,,,,13,50,,5,2,27,3,,,,100
2266,A2300,JL,"KBK, CAE",,,,,,,10,14,5,10,,54,7,,,,100
2114,A2283,JL,"KBK, CAE",,,,,,,,30,,5,8,45,12,,,,100
2140,A2283,JL,"KBK, CAE",,,,,,,14,12,,24,2,36,12,,,,100
2128,A2283,JL,"KBK, CAE",,,,,,,1,18,5,2,9,40,25,,,,100
2139,A2283,JL,"KBK, CAE",,,,,,,,2,3,,5,86,4,,,,100
2173,A2277,JL,"KBK, CAE",350,16,,POTR,135,26,1,3,,13,,13,20,,,,50
2182,A2277,JL,"KBK, CAE",210,13,,POTR,135,26,1,,,8,10,19,12,,,,50
2184,A2277,JL,"KBK, CAE",180,16.5,,POTR,50,10,1,,1,13,,15,20,,,,50
2174,A2277,JL,"KBK, CAE",70,12,,POTR,65,10,1,1,,5,,12,31,,,,50
2281,A2307/A2306,JL,"JL, CAE",330,11.5,,,,,,13,,8,1,23,5,,,,50
2278,A2307/A2307,JL,"JL, CAE",20,12,,,,,4,12,,5,,24,5,,,,50
2324,A2307/A2308,JL,"JL, CAE",100,15,,,,,20,12,,2,1,15,,,,,50
2304,A2307/A2309,JL,"JL, CAE",260,13,,,,,,19,,3,7,20,1,,,,50
2230,B1716,IM,"IM, SK",170,27,,,,,4,2,,8,,36,,,,,50
2252,B1716,IM,"IM, SK",120,17,,RU sp,86.5,26,15,2,,5,,28,,,,,50
2254,B1716,IM,"IM, SK",360,17,,RU sp,50,26,,12,,,,33,5,,,,50
2228,B1716,IM,"IM, SK",260,205,,RU sp,90,26,,5,,8,,37,,,,,50
2485,A2292,JL,"KBK, CAE",340,13.5,,POTR,120,80,4,8,,6,2,26,4,,,,50
2276,A2292,JL,"KBK, CAE",260,10,,POTR,145,80,,5,,2,1,27,15,,,,50
2477,A2292,JL,"KBK, CAE",180,10,,,,,5,25,,5,,6,9,,,,50
2446,A2292,JL,"KBK, CAE",90,20,,,,,24,8,,3,,6,9,,,,50
2189,A2275-A2276,JL,"KBK, CAE",30,15,,,,,,8,,4,,13,25,,,,50
2188,A2275-A2277,JL,"KBK, CAE",15,6,,,,,,8,,1,,14,27,,,,50
2185,A2275-A2278,JL,"KBK, CAE",35,12,,,,,5,5,,1,1,20,18,,,,50
2176,A2275-A2279,JL,"KBK, CAE",305,9,,,,,1,8,,2,3,21,15,,,,50
2504,B1695,UNK,"IM, SK",290,19,,,,,2,5,,4,,34,5,,,,50
2378,B1695,UNK,"IM, SK",350,13,,,,,8,2,,4,8,13,5,10,,,50
2373,B1695,UNK,"IM, SK",100,15.5,,,,,35,10,,1,,4,,,,,50
2336,B1695,UNK,"IM, SK",300,17.5,,,,,5,8,,,,25,12,,,,50
2302,B1686,IM,"JL, SK",150,24.5,,,,,,2,,8,,20,20,,,,50
2298,B1686,IM,"JL, SK",230,23,,,,,,2,,8,5,30,5,,,,50
2295,B1686,IM,"JL, SK",320,34,,,,,4,2,,10,,34,,,,,50
2399,B1686,IM,"JL, SK",70,28.5,,,,,,2,,5,,38,5,,,,50
2280,A2289,JL,"KBK, CAE",340,28.5,,,,,3,6,,2,3,11,25,,,,50
2482,A2289,JL,"KBK, CAE",20,17,,,,,14,2,,4,5,10,15,,,,50
2444,A2289,JL,"KBK, CAE",150,10,,,,,29,1,2,5,2,4,7,,,,50
2445,A2289,JL,"KBK, CAE",320,13,,,,,4,1,5,3,,25,12,,,,50
2348,B1711,SK,"IM, SK",10,19,,,,,43,2,,,,,,5,,,50
2344,B1711,SK,"IM, SK",120,20.5,,,,,,10,,8,,22,10,,,,50
2391,B1711,SK,"IM, SK",230,25.5,,,,,5,8,,,,27,10,,,,50
403,B1711,SK,"IM, SK",310,14.5,,,,,5,,,20,,20,5,,,,50
2337,B1204,SK,"IM, SK",360,13,,,,,,,,,5,10,25,10,,,50
2323,B1204,SK,"IM, SK",270,21.5,,,,,25,,,5,,,20,,,,50
2340,B1204,SK,"IM, SK",210,22.5,,,,,29,2,,,4,,5,10,,,50
2101,B1204,SK,"IM, SK",110,20,,,,,34,,,6,,5,5,,,,50
2115,B1702,SK,"IM, SK",50,27.5,,,,,5,3,,8,2,32,,,,,50
2339,B1702,SK,"IM, SK",300,16,,,,,5,2,,10,,33,,,,,50
2104,A2280-A2281,CAE,"KBK, CAE",280,15.5,,,,,1,,13,7,,24,5,,,,50
2121,A2280-A2282,CAE,"KBK, CAE",210,15,,,,,,1,,7,2,8,32,,,,50
2196,A2280-A2283,CAE,"KBK, CAE",150,22,,,,,1,8,,5,1,3,32,,,,50
2191,A2280-A2284,CAE,"KBK, CAE",30,14,,,,,3,,,2,1,16,28,,,,50
2204,A2286,JL,"KBK, CAE",140,14,,,,,7,12,5,1,1,24,,,,,50
2398,A2286,JL,"KBK, CAE",80,10,,,,,17,11,,7,1,14,,,,,50
2113,A2286,JL,"KBK, CAE",10,12,,,,,15,5,,3,15,11,1,,,,50
2127,A2286,JL,"KBK, CAE",190,24,,,,,6,,17,1,,26,,,,,50
2265,B1721,JL,"KBK, JL",20,17,,,,,,2,,5,,33,10,,,,50
2415,B1721,JL,"KBK, JL",125,4,,,,,,10,,5,,30,5,,,,50
2414,B1721,JL,"KBK, JL",220,14,,,,,,2,,3,4,31,10,,,,50
2407,B1721,JL,"KBK, JL",290,27,,,,,,,,7,10,28,5,,,,50
2284,A2309,JL,"JL, CAE",280,9,,,,,4,3,,2,17,19,5,,,,50
2497,A2309,JL,"JL, CAE",190,11.5,,,,,,4,,3,6,17,20,,,,50
2474,A2309,JL,"JL, CAE",160,16,,,,,,15,,2,3,22,8,,,,50
2274,A2309,JL,"JL, CAE",40,14,,,,,,9,,10,2,22,7,,,,50
2301,B1696,JL,"JL, SK",120,8.5,,UNK,80,17.5,25,,,2,,23,,,,,50
2209,B1696,JL,"JL, SK",210,11,,UNK,110,17.5,2,2,,2,,24,20,,,,50
2360,B1696,JL,"JL, SK",280,5.5,,,,,15,2,,10,,13,10,,,,50
2382,B1696,JL,"JL, SK",40,17.5,,UNK,127,17.5,10,2,,2,,26,10,,,,50
2102,A2285,JL,"KBK, CAE",290,10.5,,,,,6,2,,8,1,17,16,,,,50
2109,A2285,JL,"KBK, CAE",200,10,,,,,1,6,,1,6,18,18,,,,50
2118,A2285,JL,"KBK, CAE",115,8.5,,,,,1,1,2,,7,18,21,,,,50
2122,A2285,JL,"KBK, CAE",45,19,,,,,,1,,6,2,35,6,,,,50
2192,A2279,CAE,"KBK, CAE",75,16,,,,,,1,,21,1,8,19,,,,50
2183,A2279,CAE,"KBK, CAE",130,18,,,,,,3,2,13,,2,30,,,,50
2199,A2279,CAE,"KBK, CAE",250,10,,,,,,11,,20,,2,17,,,,50
2187,A2279,CAE,"KBK, CAE",290,15,,,,,,7,,6,4,,33,,,,50
2232,B1715,IM,"IM, SK",290,16,,,,,,2,,25,,23,,,,,50
2248,B1715,IM,"IM, SK",210,51,,,,,,,,5,,43,,2,,,50
2251,B1715,IM,"IM, SK",60,18.5,,,,,,,,10,2,38,,,,,50
2226,B1715,IM,"IM, SK",20,28.5,,,,,,,,5,,45,,,,,50
2408,A2317,JL,"JL, CAE",270,16,,,,,,9,,2,1,33,5,,,,50
2317,A2317,JL,"JL, CAE",160,12,,,,,,8,,3,3,30,6,,,,50
2404,A2317,JL,"JL, CAE",140,17,,,,,,6,,9,6,28,1,,,,50
2416,A2317,JL,"JL, CAE",20,21,,,,,4,8,,8,5,21,4,,,,50
2197,A2278,CAE,"KBK, CAE",50,12.5,,,,,1,1,2,2,2,14,28,,,,50
2181,A2278,CAE,"KBK, CAE",140,17,,,,,1,1,,2,,15,31,,,,50
2194,A2278,CAE,"KBK, CAE",200,15,,,,,,,,1,1,18,30,,,,50
2198,A2278,CAE,"KBK, CAE",230,14.5,,,,,1,1,,3,,43,2,,,,50
2321,B1706,SK,"IM, SK",270,17,,,,,10,,,10,8,22,,,,,50
2327,B1706,SK,"IM, SK",150,19.5,,PSME,94,2,8,4,,,,38,,,,,50
2335,B1706,SK,"IM, SK",80,26,,PSME,138,2,8,10,,10,8,14,,,,,50
2347,B1706,SK,"IM, SK",10,18,,,,,27,5,,8,,10,,,,,50
2349,B1693,IM,"IM, SK",360,25,,,,,,,,2,5,43,,,,,50
2312,A2313,KBK,"JL, CAE",60,54,,,,,4,12,12,2,2,8,10,,,,50
2310,A2314,KBK,"JL, CAE",180,34,,,,,,6,,5,8,6,25,,,,50
2315,A2315,KBK,"JL, CAE",240,33,,,,,4,3,,11,8,14,10,,,,50
2318,A2316,KBK,"JL, CAE",350,36,,,,,6,7,,1,4,22,10,,,,50
2311,A2318,JL,"JL, CAE",40,19,,,,,7,11,,7,1,22,2,,,,50
2420,A2318,JL,"JL, CAE",120,5,,,,,,20,,5,4,20,1,,,,50
2412,A2318,JL,"JL, CAE",220,13.5,,,,,4,5,,6,3,25,7,,,,50
2419,A2318,JL,"JL, CAE",90,9.5,,,,,,9,,7,2,25,7,,,,50
2306,B1698,JL,"IM, SK",270,5.5,,UNK,115,32,2,2,,1,,20,25,,,,50
2359,B1698,JL,"IM, SK",20,16,,,,,,2,,8,,35,5,,,,50
2374,B1698,JL,"IM, SK",110,26.5,,UNK,150,32,,,,8,,22,20,,,,50
2341,B1698,JL,"IM, SK",220,25,,UNK,102,32,2,1,,2,,25,20,,,,50
2239,B1717,IM,"IM, SK",70,36,,,,,1,2,,,,47,,,,,50
2223,B1717,IM,"IM, SK",140,43.5,,,,,,15,,5,,25,5,,,,50
2220,B1717,IM,"IM, SK",230,55,,,,,2,,,2,,46,,,,,50
2217,B1717,IM,"IM, SK",340,29.5,,,,,2,2,,8,,38,,,,,50
2338,B1713,IM,"IM, SK",NA,22.5,,,,,,2,,,,43,5,,,,50
2236,B1713,IM,"IM, SK",NA,45,,,,,,,,5,,30,15,,,,50
2255,B1713,IM,"IM, SK",,18,,,,,5,8,,,,29,8,,,,50
2469,A2297,IM,"KBK, CAE",40,58,,,,,12,26,,,2,4,6,,,,50
2268,A2297,IM,"KBK, CAE",110,62,,,,,10,4,,1,4,16,15,,,,50
2270,A2297,IM,"KBK, CAE",170,78,,,,,6,3,,,2,20,19,,,,50
2479,A2297,IM,"KBK, CAE",240,66,,,,,22,2,,2,1,9,14,,,,50
2231,B1720,KBK,"IM, SK",40,13.5,16,,,,4,1,,,,45,,,,,50
2227,B1720,KBK,"IM, SK",40,6.5,17,,,,6,,,5,4,35,,,,,50
2241,B1720,KBK,"IM, SK",220,8.5,14.5,,,,2,,,8,,40,,,,,50
2238,B1720,KBK,"IM, SK",220,5,14,,,,5,,,5,,40,,,,,50
2172,A2270,JL,"KBK, CAE",70,14,18.5,,,,,1,,2,,3,44,,,,50
2177,A2270,JL,"KBK, CAE",70,12.5,18.5,,,,,2,,24,,2,22,,,,50
2275,A2270,JL,"KBK, CAE",250,14.5,18.5,,,,,1,,18,2,3,26,,,,50
2200,A2270,JL,"KBK, CAE",250,13.5,18.5,,,,,,,8,,19,23,,,,50
2154,B1678,IM,"JL, SK",60,21.5,31.5,,,,5,30,,,,10,5,,,,50
2142,B1678,IM,"JL, SK",60,13,38,,,,6,20,,1,,19,4,,,,50
2164,B1678,IM,"JL, SK",240,12,38,,,,8,,,5,,37,,,,,50
2148,B1678,IM,"JL, SK",240,16,34.5,,,,,1,,2,,47,,,,,50
2179,A2272,CAE,"KBK, CAE",100,7.5,24,,,,15,1,,12,2,6,14,,,,50
2171,A2272,CAE,"KBK, CAE",100,14,24,,,,6,4,,12,,2,26,,,,50
2178,A2272,CAE,"KBK, CAE",280,25,24,,,,1,1,,10,3,23,12,,,,50
2190,A2272,CAE,"KBK, CAE",280,18.5,24,,,,1,1,,,8,23,17,,,,50
2283,A2291,JL,"KBK, CAE",240,10,16,,,,12,3,,12,,10,13,,,,50
2451,A2291,JL,"KBK, CAE",340,3,16,,,,10,8,,3,10,19,,,,,50
2484,A2291,JL,"KBK, CAE",60,8,16,,,,,,11,3,,12,24,,,,50
2450,A2291,JL,"KBK, CAE",60,10,16,,,,5,3,,14,1,12,15,,,,50
2146,B1679,IM,"JL, SK",110,17,45,,,,5,5,,15,,20,,5,,,50
2141,B1679,IM,"JL, SK",110,16,45,,,,8,,,5,,32,5,,,,50
2145,B1679,IM,"JL, SK",290,13.5,38,,,,,5,,10,,25,10,,,,50
2150,B1679,IM,"JL, SK",290,45,45,,,,8,8,,5,,27,2,,,,50
2287,A2310,IM,"JL, CAE",70,28,26,,,,2,2,,7,1,26,12,,,,50
2289,A2310,IM,"JL, CAE",70,23,26,,,,8,1,,3,,12,26,,,,50
2500,A2310,IM,"JL, CAE",250,24,26,,,,1,5,4,1,2,22,15,,,,50
2456,A2310,IM,"JL, CAE",250,21,26,,,,,3,10,3,,33,1,,,,50
2103,A2271,"KBK, CAE","KBK, CAE",50,18.5,32,,,,,7,,2,,1,40,,,,50
2116,A2271,"KBK, CAE","KBK, CAE",50,14,32,,,,,,,4,4,5,37,,,,50
2117,A2271,"KBK, CAE","KBK, CAE",230,9,32,,,,,6,,3,,12,29,,,,50
2124,A2271,"KBK, CAE","KBK, CAE",230,11.5,32,,,,,2,,12,2,1,33,,,,50
2156,B1680,IM,"JL, SK",290,16.5,39.5,,,,,2,,2,,36,10,,,,50
2169,B1680,IM,"JL, SK",290,12,40.5,,,,,3,,10,15,22,,,,,50
2155,B1680,IM,"JL, SK",110,40,45,,,,2,4,,,,34,10,,,,50
2167,B1680,IM,"JL, SK",110,29,43.5,,,,,2,,8,8,27,5,,,,50
2470,A2298,IM,"KBK, CAE",180,15,26,,,,4,6,5,2,1,20,12,,,,50
2464,A2298,IM,"KBK, CAE",180,19,26,,,,1,4,,2,,4,39,,,,50
2463,A2298,IM,"KBK, CAE",360,20,26,,,,,18,2,1,1,26,2,,,,50
2277,A2298,IM,"KBK, CAE",260,23.5,26,,,,,14,,13,,8,15,,,,50
2245,B1718,JL,"JL, SK",110,4.5,22,,,,,10,,,,30,10,,,,50
2234,B1718,JL,"JL, SK",110,5.5,23,,,,,25,,,,10,15,,,,50
2240,B1718,JL,"JL, SK",290,7.5,23.5,,,,10,1,,15,,24,,,,,50
2224,B1718,JL,"JL, SK",290,11,26.5,,,,15,,,10,,25,,,,,50
2126,A2273,IM,"KBK, CAE",200,23,20.5,,,,,3,,,,27,20,,,,50
2123,A2273,IM,"KBK, CAE",200,35,20.5,,,,,2,,3,2,13,30,,,,50
2125,A2273,IM,"KBK, CAE",20,13,20.5,,,,1,2,,4,2,23,18,,,,50
2111,A2273,IM,"KBK, CAE",20,18.5,20.5,,,,1,4,,3,,15,27,,,,50
2161,B1675,JL,"JL, SK",110,9.5,21,POTR,121,62,10,1,,5,,24,10,,,,50
2201,B1675,JL,"JL, SK",110,8.5,28,POTR,190,45,,1,,5,,39,5,,,,50
2160,B1675,JL,"JL, SK",290,7,26,POTR,170,77,8,5,,5,,27,5,,,,50
2153,B1675,JL,"JL, SK",290,5,23.5,POTR,119,62,15,,,1,,24,10,,,,50
2152,B1681,IM,"JL, SK",270,16.5,27.5,ROWO,75.5,4.5,,8,,3,5,29,,5,,,50
2144,B1681,IM,"JL, SK",270,12.5,27.5,,,,5,5,,8,,27,5,,,,50
2170,B1681,IM,"JL, SK",90,10.5,29.5,,,,,10,,20,,20,,,,,50
2147,B1681,SK,"JL, SK",90,6.5,31.5,ROWO,120,4.5,,4,,,,41,5,,,,50
2180,A2274,IM,"KBK, CAE",60,26,21,PIPO,200,30.3,,1,,2,,39,8,,,,50
2195,A2274,IM,"KBK, CAE",60,30,21,PIPO,200,30.3,,2,,1,5,31,11,,,,50
2193,A2274,IM,"KBK, CAE",240,30,21,PIPO,200,30.3,,2,,1,2,35,10,,,,50
2186,A2274,IM,"KBK, CAE",240,21,21,PIPO,200,30.3,2,10,,1,1,30,6,,,,50
2467,A2296,JL,"KBK, CAE",140,11,40,,,,4,8,3,3,,24,8,,,,50
2472,A2296,JL,"KBK, CAE",140,20,40,,,,8,5,,8,4,21,4,,,,50
2468,A2296,JL,"KBK, CAE",320,16,40,,,,5,11,,15,2,5,12,,,,50
2272,A2296,JL,"KBK, CAE",320,13,40,,,,23,3,,23,,,1,,,,50
2453,A2294,"KBK, CAE","KBK, CAE",100,12.5,26,,,,4,4,,10,,5,27,,,,50
2459,A2294,"KBK, CAE","KBK, CAE",100,9.5,26,,,,14,5,,11,3,4,13,,,,50
2458,A2294,"KBK, CAE","KBK, CAE",280,10.5,26,,,,,,,4,3,18,25,,,,50
2461,A2294,"KBK, CAE","KBK, CAE",280,15,26,,,,,3,,10,,25,12,,,,50
2413,A2315,JL,"JL, CAE",260,12,23,,,,,1,,3,2,43,1,,,,50
2314,A2315,JL,"JL, CAE",260,6,23,,,,3,2,6,4,,25,10,,,,50
2403,A2315,JL,"JL, CAE",80,4.5,23,,,,3,2,7,5,3,25,5,,,,50
2313,A2315,JL,"JL, CAE",80,4,23,,,,,8,1,,4,33,4,,,,50
2296,A2284,"KBK, CAE","KBK, CAE",30,10,22,,,,6,6,,2,4,32,,,,,50
404,A2284,"KBK, CAE","KBK, CAE",30,10,22,,,,4,11,1,2,3,27,2,,,,50
2394,A2284,"KBK, CAE","KBK, CAE",210,19,22,,,,,3,8,3,1,18,17,,,,50
2299,A2284,"KBK, CAE","KBK, CAE",210,7,22,,,,,4,8,1,2,22,13,,,,50
2307,A2314,JL,"JL, CAE",180,8,22,,,,,1,5,4,,32,8,,,,50
2406,A2314,JL,"JL, CAE",180,9,22,,,,4,7,,7,2,28,2,,,,50
2417,A2314,JL,"JL, CAE",360,27,22,,,,,,,,3,43,4,,,,50
2308,A2314,JL,"JL, CAE",360,12,22,,,,,2,,3,3,32,10,,,,50
2455,A2293,"KBK, CAE","KBK, CAE",230,11.5,27,,,,5,3,,8,2,23,9,,,,50
2475,A2293,"KBK, CAE","KBK, CAE",230,13,27,,,,,2,1,3,2,35,7,,,,50
2279,A2293,"KBK, CAE","KBK, CAE",50,9,27,,,,5,1,1,5,8,27,3,,,,50
2481,A2293,"KBK, CAE","KBK, CAE",50,9,27,POTR,140,49,,4,,4,2,30,10,,,,50
2243,B1719,KBK,"IM, SK",50,11,13.5,,,,,1,,2,,42,,5,,,50
2219,B1719,KBK,"IM, SK",50,4,13,,,,,2,,5,,43,,,,,50
2218,B1719,KBK,"IM, SK",230,11.5,17,,,,8,1,,,,41,,,,,50
2244,B1719,KBK,"IM, SK",230,21,15,,,,8,,10,,32,,,,,,50
2269,A2311,KBK,"JL, CAE",210,6,22,,,,30,2,,1,,16,1,,,,50
2498,A2311,KBK,"JL, CAE",210,13.5,22,,,,1,20,,4,4,19,2,,,,50
2488,A2311,KBK,"JL, CAE",30,12.5,22,,,,,25,,,,20,5,,,,50
2105,A2311,KBK,"JL, CAE",30,14.5,22,,,,5,5,,,,15,25,,,,50
2452,A2288,JL,"KBK, CAE",140,8,30,,,,,,,8,,12,30,,,,50
2443,A2288,JL,"KBK, CAE",140,7,30,,,,,1,,7,9,4,29,,,,50
2448,A2288,JL,"KBK, CAE",320,12,30,,,,,1,,5,13,14,17,,,,50
2480,A2288,JL,"KBK, CAE",320,15,30,,,,1,4,,11,8,3,23,,,,50
2421,A2316,JL,"JL, CAE",230,5.5,21,,,,,8,,4,1,11,26,,,,50
2309,A2316,JL,"JL, CAE",230,5,21,,,,,3,6,3,,34,4,,,,50
2409,A2316,JL,"JL, CAE",50,3,21,,,,1,4,,3,,27,15,,,,50
2410,A2316,JL,"JL, CAE",50,13,21,,,,,6,,3,2,38,1,,,,50
2405,A2312,CAE,"JL, CAE",230,19.5,28,,,,7,8,,4,2,19,10,,,,50
2418,A2312,CAE,"JL, CAE",230,19.5,28,,,,3,12,,8,6,14,7,,,,50
2402,A2312,CAE,"JL, CAE",50,18,28,,,,,15,15,2,2,11,5,,,,50
2316,A2312,CAE,"JL, CAE",50,12,28,,,,,15,,3,4,26,2,,,,50
2322,B1705,SK,"IM, SK",80,5.5,13.5,,,,2,8,,5,,35,,,,,50
2333,B1705,SK,"IM, SK",80,8,14,,,,2,10,,5,,33,,,,,50
2355,B1705,SK,"IM, SK",260,5,14,,,,5,5,,,2,23,10,5,,,50
2345,B1705,SK,"IM, SK",260,5.5,14,,,,,8,,,5,22,5,10,,,50
440,A2265,NRS,"LB, DL",195,10,27,RU sp,70,2,,10,,7,,33,,,,,50
420,A2265,NRS,"LB, DL",195,12,29.5,RU sp,9,1,,25,4,6,,10,5,,,,50
423,A2265,NRS,"LB, DL",15,10,27,RU sp,29,3,,20,,3,,21,,6,,,50
442,A2265,NRS,"LB, DL",15,4.5,23,RU sp,45,3,,35,,,,,15,,,,50
429,A2266,NRS,"LB, DL",,,,RU sp,42,1,,50,,5,,,45,,,,100
350,A2266,NRS,"LB, DL",,,,RU sp,14,1,,10,10,10,,,70,,,,100
454,A2266,NRS,"LB, DL",,,,RU sp,27,1,,,10,5,,15,70,,,,100
348,A2266,NRS,"LB, DL",,,,RU sp,38,4,,62,5,,3,20,10,,,,100
439,A2264,NS,"LB, DL",330,11,29,SA sp,157,82,,7,,,,8,35,,,,50
459,A2264,NS,"LB, DL",330,4.5,27,,,,,15,,6,,,25,4,,,50
434,A2264,NS,"LB, DL",150,13,15,,,,,20,,,,4,24,2,,,50
464,A2264,NS,"LB, DL",150,12,28,,,,,20,,,,,30,,,,50
439,A2263,NRS,"LB, DL",240,11,28,,,,,6,,15,,,29,,,,50
438,A2263,NRS,"LB, DL",240,8,26,,,,,15,,10,,,22,,3,,50
433,A2263,NRS,"LB, DL",60,13,25.5,,,,,20,,,,30,,,,,50
448,A2263,NRS,"LB, DL",60,11,26,,,,,10,,28,,,10,,2,,50
425,B1674,EV,"EV, SK",220,20.5,,RU sp,45,6,,2,,,,,43,,5,,50
455,B1674,EV,"EV, SK",310,16.5,,RU sp,45,6,,30,,,,,20,,,,50
457,B1674,EV,"EV, SK",30,34,,RU sp,101,6,,25,,,,,25,,,,50
303,B1674,EV,"EV, SK",130,18,,RU sp,75,6,,,,,,,40,,10,,50
354,A2262,NRS,"LB, DL",105,14,33,RU sp,105,20,,20,,5,,,25,,,,50
444,A2262,NRS,"LB, DL",105,34,17,RU sp,85,20,,10,,3,,,34,,3,,50
445,A2262,NRS,"LB, DL",285,16,32,RU sp,130,2,,20,,,,,21,,9,,50
441,A2262,NRS,"LB, DL",285,13,28,RU sp,75,2,,30,,,,5,15,,,,50
358,A2261,NRS,"LB, DL",250,14,24.5,RU sp,25,1,15,,5,3,,,27,,,,50
456,A2261,NRS,"LB, DL",250,10,22,RU sp,40,20,,25,,,,5,20,,,,50
308,A2261,NRS,"LB, DL",70,14,29,RU sp,22,20,,35,10,,,5,,,,,50
430,A2261,NRS,"LB, DL",70,17,25,RU sp,6,24,20,,10,,,10,10,,,,50
422,A2260,NRS,"LB, DL ",225,15,23,RU sp,28,2,,8,4,5,,,83,,,,100
844,A2260,NRS,"LB, DL ",225,13,24,RU sp,30,2,15,25,3,,3,,54,,,,100
555,A2260,NRS,"LB, DL ",45,13,22,RU sp,18,2,,10,4,,6,5,75,,,,100
368,A2260,NRS,"LB, DL ",45,15,23,RU sp,50,2,,10,1,,7,,82,,,,100
322,B1623,NRS,"SK, EV",,,,,,,,65,,5,,10,20,,,,100
310,B1623,NRS,"SK, EV",,,,,,,,25,,1,,,74,,,,100
311,B1623,NRS,"SK, EV",,,,,,,,75,,,,,25,,,,100
467,B1623,NRS,"SK, EV",,,,,,,5,55,,,,,40,,,,100
353,B1671,NRS,"SK, EV",60,15,,,,,,45,,,,,5,,,,50
426,B1671,NRS,"SK, EV",230,15,,,,,,25,,,,5,5,,15,,50
409,B1671,NRS,"SK, EV",280,19,,UNK shrub,182,14.5,,35,,,,,,,15,,50
352,B1671,NRS,"SK, EV",330,14.5,,UNK shrub,180,14.5,,,15,,,5,10,,15,,45
316,B1670,DL,"SK, EV",,7,,,,,,35,,,,,15,,,,50
315,B1670,DL,"SK, EV",,14.5,,,,,,45,,,,,5,,,,50
309,B1670,DL,"SK, EV",,9.5,,,,,,34,,,,,8,,8,,50
685,B1670,DL,"SK, EV",,11,,,,,,40,,,,,,,10,,50
341,B1669,NRS,"SK, EV",170,10,,RU sp,120,11,,40,,,,,5,,5,,50
351,B1669,NRS,"SK, EV",240,15,,RU sp,166,11,,35,,,5,,10,,,,50
304,B1669,NRS,"SK, EV",310,8,,RU sp,183,9,,30,,,,,10,,10,,50
338,B1669,NRS,"SK, EV",30,13.5,,RU sp,141,15,,40,,,,,8,,2,,50
499,B1668,NS,"SK, EV",300,14,,,,,,8,,,,8,24,,10,,50
407,B1668,NS,"SK, EV",160,25,,,,,,8,,,,8,29,,5,,50
605,B1668,NS,"SK, EV",110,22,,,,,,15,,,,10,15,,10,,50
413,B1668,NS,"SK, EV",40,19.5,,,,,,5,,,,,15,,30,,50
345,B1667,NRS,"SK, EV",,,,,,,,15,,,10,,75,,,,100
337,B1667,NRS,"SK, EV",,,,,,,,74,,2,4,,10,,,,90
414,B1667,NRS,"SK, EV",,,,,,,,63,,2,5,,30,,,,100
411,B1667,NRS,"SK, EV",,,,,,,,72,,4,4,,20,,,,100
345,B1666,NS,"SK, EV",90,25,,,,,,,8,,8,,34,,,,50
318,B1666,NS,"SK, EV",170,23.5,,,,,,10,,,,5,27,,8,,50
317,B1666,NS,"SK, EV",260,19,,,,,5,10,,,,,30,,5,,50
408,B1666,NS,"SK, EV",50,17,,,,,,20,,,,,30,,,,50
320,B1665,NRS,"SK, EV",100,10,,,,,,27,,,,,15,,8,,50
333,B1665,NRS,"SK, EV",250,12,,,,,,10,,8,,10,22,,,,50
355,B1665,NRS,"SK, EV",340,12,,,,,,25,,,,,10,,15,,50
321,B1665,NRS,"SK, EV",20,11.5,,,,,,40,,,,,10,,,,50
336,B1664,NRS,"SK, EV",,,,SA sp,193,63,,35,,5,,,60,,,,100
307,B1664,NRS,"SK, EV",,,,,,,5,45,,,,20,30,,,,100
344,B1664,NRS,"SK, EV",,,,,,,,40,,5,,,55,,,,100
324,B1664,NRS,"SK, EV",,,,SA sp,155,63,,35,,5,,,60,,,,100
323,B1663,NS,"SK, EV",340,19.5,,,,,15,5,,,,5,25,,,,50
332,B1663,NS,"SK, EV",60,15,,,,,,25,,,,,15,,10,,50
432,B1663,NS,"SK, EV",190,14.5,,,,,,10,,,20,,20,,,,50
349,B1663,NS,"SK, EV",260,31.5,,SA sp,162,83,20,5,,,,,15,,10,,50
436,A2268,NRS,"LB, DL",105,12,30,SA sp,145,15,4,3,,5,3,,35,,,,50
435,A2268,NRS,"LB, DL",285,11,25,SA sp,130,85,,2,,,7,,41,,,,50
450,A2268,NRS,"LB, DL",285,10,26,SA sp,153,95,,25,,5,5,,15,,,,50
446,A2268,NRS,"LB, DL",105,13,27,,,,,25,,,,,25,,,,50
449,A2267,NRS,"LB, DL",,,,,,,,50,,,,10,40,,,,100
462,A2267,NRS,"LB, DL",,,,,,,,25,,,,10,5,,10,,50
458,A2267,NRS,"LB, DL",,,,,,,,60,,3,,15,21,,1,,100
417,A2267,NRS,"LB, DL",,,,,,,,25,,,,50,17,,8,,100
597,A2231,NS,"DL, SK",40,7.5,40,,,,,8,,12,5,5,70,,,,100
507,A2231,NS,"DL, SK",40,10.5,38,,,,,8,,,8,,84,,,,100
502,A2231,NS,"DL, SK",220,6.5,38,,,,,8,,1,,,91,,,,100
540,A2231,NS,"DL, SK",220,8,38,,,,,12,,1,,10,77,,,,100
884,A1639,NS,"LB, NS",200,9,90,SA sp,70,29,,5,,,5,,40,,,,50
584,A1639,NS,"LB, NS",200,12,31,SA sp,50,29,,7,,,3,,30,,10,,50
857,A1639,NS,"LB, NS",20,13,29,SA sp,122,41,,30,,,,,20,,,,50
871,A1639,NS,"LB, NS",20,8,26,SA sp,70,41,,22,,,3,,25,,,,50
553,A2222,NS,"SK, EV",160,5,35.5,,,,,10,,,,4,36,,,,50
567,A2222,NS,"SK, EV",160,9,37.5,,,,,1,,,8,10,31,,,,50
859,A2222,NS,"SK, EV",340,4.5,29,,,,,15,,,4,,31,,,,50
564,A2222,NS,"SK, EV",340,4,29.5,,,,,15,,1,5,,29,,,,50
533,A2225,NS,"SK, EV",20,5.5,27.5,,,,,1,,,5,,44,,,,50
566,A2225,NS,"SK, EV",20,5,25,,,,,20,,,,2,28,,,,50
862,A2225,NS,"SK, EV",200,7,23,,,,,,30,,,,20,,,,50
508,A2225,NS,"SK, EV",200,6,24,SA sp,188,32,,25,,,,5,20,,,,50
610,A2251,NS,"LB, DL",350,10,22,,,,5,35,,,,,10,,,,50
479,A2251,NS,"LB, DL",350,10,13,,,,5,40,,,,,5,,,,50
482,A2251,NS,"LB, DL",170,16,20,,,,30,10,,,,,10,,,,50
364,A2251,NS,"LB, DL",170,21,24,,,,20,15,,,,,15,,,,50
342,B1659,NS,"SK, EV",40,5.5,32.5,,,,,10,,,,10,30,,,,50
340,B1659,NS,"SK, EV",40,14.5,28.5,,,,,8,,,,12,30,,,,50
329,B1659,NS,"SK, EV",230,8,33,,,,,15,,,,,45,,,,60
326,B1659,NS,"SK, EV",230,5.5,29.5,,,,,,,,,10,40,,,,50
834,A2246,EV,"LB, DL",160,17,32.5,SA sp,188,80,,21,,2,,,25,,2,,50
362,A2246,EV,"LB, DL",160,20,30,SA sp,115,80,30,,,2,,6,12,,,,50
578,A2246,EV,"LB, DL",340,15,28,SA sp,83,86,18,15,,,,,15,,2,,50
888,A2246,EV,"LB, DL",340,15,28,SA sp,173,80,,15,,,,20,7,,6,,48
588,A2240,EV,,85,22,36,,,,,25,,,,,25,,,,50
379,A2240,EV,,85,17,27,,,,,30,,,,5,12,,3,,50
545,A2240,EV,,265,11,26,,,,,10,,,,5,35,,,,50
368,A2240,EV,,265,15,27.5,,,,,15,,,,10,21,,4,,50
396,A2254,EV,"LB, DL",120,16,28,SA sp,50,40,,20,,,4,10,16,,,,50
504,A2254,EV,"LB, DL",300,12,25,SA sp,75,40,,10,,,,,36,,4,,50
525,A2254,EV,"LB, DL",120,12,27,SA sp,115,44,20,20,,,,,10,,,,50
301,A2254,EV,"LB, DL",300,13,27,SA sp,115,44,,,,10,,,40,,,,50
861,B1645,EV,"SK, EV",40,6.5,36.5,,,,,30,,,,2,18,,,,50
877,B1645,EV,"SK, EV",40,5,28,SY sp ,198,51,,45,,,,,5,,,,50
551,B1645,EV,"SK, EV",220,10.5,33.5,SY sp ,200,51,,30,,,,,20,,,,50
514,B1645,EV,"SK, EV",220,16.5,34,,,,,10,,,,5,35,,,,50
883,A2244,NRS,"LB, DL",15,13,33,,,,,17,,,,5,25,,3,,50
391,A2244,NRS,"LB, DL",15,16,32,,,,,32,,,,3,15,,,,50
614,A2244,NRS,"LB, DL",195,4,26,,,,,15,,,,20,15,,,,50
529,A2244,NRS,"LB, DL",195,10,30,,,,,20,,,,10,20,,,,50
489,A2241,NRS,"LB, DL",240,14,27,SA sp,195,66,20,5,,,,10,17,,2,,54
371,A2241,NRS,"LB, DL",240,10,23,,,,,10,,5,,10,25,,,,50
394,A2241,NRS,"LB, DL",60,12,25,,,,,40,,,,5,5,,,,50
836,A2241,NRS,"LB, DL",60,10,24.5,,,,,8,,15,,8,19,,,,50
384,A2235,NRS,LB,10,14,24,,,,15,10,,,,,85,,,,110
373,A2235,NRS,LB,10,16,31,SA sp,178,81,,20,,,,1,85,,4,,110
617,A2235,NRS,LB,190,14,33,SA sp,148,81,,15,,,5,5,78,,2,,105
574,B1647,NRS,"SK, EV",220,12,33,,,,,30,,,4,10,6,,,,50
505,B1647,NRS,"SK, EV",220,20.5,30,,,,5,15,,,,,22,,8,,50
583,B1647,NRS,"SK, EV",50,9.5,31,,,,,20,,,8,,22,,,,50
881,B1647,NRS,"SK, EV",50,8.5,32.5,,,,,15,,,10,,25,,,,50
636,B1646,NRS,"SK, EV",10,10.5,32,,,,,13,,,,5,30,,2,,50
863,B1646,NRS,"SK, EV",10,10.5,34,,,,43,5,,,,2,,,,,50
527,B1646,NRS,"SK, EV",190,10,32.5,,,,48,2,,,,,,,,,50
572,B1646,NRS,"SK, EV",190,7,35,,,,10,35,,,,,5,,,,50
544,B1644,NRS,"SK, EV",330,7.5,27,,,,,20,,5,,,25,,,,50
548,B1644,NRS,"SK, EV",330,2.5,23.5,,,,,15,,,,,35,,,,50
581,B1644,NRS,"SK, EV",150,11,27,,,,,10,,4,,5,21,,,,40
477,B1644,NRS,"SK, EV",150,8,29,SY sp ,167,49,,8,,2,4,,36,,,,50
573,A2252,LB,"LB, DL",5,235,9,,,,6,,,6,,2,36,,,,50
494,A2252,LB,"LB, DL",5,10,24,,,,,35,,3,,,12,,,,50
562,A2252,LB,"LB, DL",185,11,20,,,,20,10,,,,10,10,,,,50
497,A2252,LB,"LB, DL",185,9,24.5,,,,,30,,,,3,17,,,,50
382,A2237,LB,"LB, DL",225,4.5,26,,,,84,10,,,,6,,,,,100
550,A2237,LB,"LB, DL",225,8.5,28.5,,,,10,20,,,,,20,,,,50
493,A2237,LB,"LB, DL",45,10,29.5,,,,,44,,,,,6,,,,50
380,A2237,LB,"LB, DL",45,15,31,,,,,30,,,,10,10,,,,50
841,A2255,LB,"LB, DL",30,14,32,,,,25,5,,2,,,18,,,,50
397,A2255,LB,"LB, DL",30,5.5,30,SA sp,165,65,,10,,2,,25,13,,,,50
679,A2255,LB,"LB, DL",210,7,32,,,,,15,,,,15,20,,,,50
378,A2255,LB,"LB, DL",210,14.5,30,,,,15,10,,,,15,10,,,,50
521,A1640,DL,"LB, NS",250,8,30,RU sp,164,13,,20,,5,,,25,,,,50
524,A1640,DL,"LB, NS",250,11,31,RU sp,155,10,,20,,,,,30,,,,50
880,A1640,DL,"LB, NS",70,15,32,RU sp,130,10,,35,,,,,15,,,,50
848,A1640,DL,"LB, NS",70,15,36,RU sp,110,16,,,,,,,,,,,0
596,B1637,DL,"LB, NRS",200,10,32,SA sp,180,29,,20,,3,,2,25,,,,50
542,B1637,DL,"LB, NRS",200,13,34,,,,,,,,,5,45,,,,50
559,B1637,DL,"LB, NRS",20,10,30,,,,,5,,,,3,42,,,,50
518,B1637,DL,"LB, NRS",20,13,30,,,,,,,,,3,47,,,,50
560,A2223,DL,"SK, EV",260,5.5,29.5,SA sp,175,31.5,,20,,,,5,25,,,,50
547,A2223,DL,"SK, EV",260,10,30,SA sp,200,25.5,,40,,,,,10,,,,50
565,A2223,DL,"SK, EV",100,9,33,,,,15,15,,,,,10,,10,,50
860,A2223,DL,"SK, EV",100,4,30.5,SA sp,150,31.5,,34,,,,,8,,8,,50
359,A2234,DL,LB,240,13,37,SA sp,188,37,,15,,,2,,83,,,,100
376,A2234,DL,LB,240,9,33,SA sp,92,37,,15,,,,4,81,,,,100
618,A2234,DL,LB,60,12,36,SA sp,120,37,,20,,,,3,77,,,,100
890,A2234,DL,LB,60,13,35,,,,,15,,,,3,77,,5,,100
840,B1635,DL,"LB, NRS",155,13,,SA sp,140,30,,10,,,,,25,,15,,50
503,B1635,DL,"LB, NRS",240,4,,SA sp,87,30,10,10,,,,10,20,,,,50
854,B1635,DL,"LB, NRS",350,9,,SA sp,123,30,,10,,,,,20,,20,,50
837,B1635,DL,"LB, NRS",100,13,,SA sp,146,30,,,,,,5,25,,20,,50
874,B1631,DL,"LB, NRS",110,7,,,,,,,,,,15,25,,10,,50
852,B1631,DL,"LB, NRS",210,10,,,,,,10,,,,,35,,5,,50
536,B1631,DL,"LB, NRS",330,14,,SA sp,182,45,,33,,,,,5,,12,,50
501,B1631,DL,"LB, NRS",35,16.5,,,,,,30,,,,,5,,15,,50
849,A2229,DL,"SK, EV",10,14.5,,RU sp,85,40,,8,,,5,,47,,,,60
586,A2229,DL,"SK, EV",250,7,,RU sp,29.5,10,,10,10,,,,25,,5,,50
600,A2229,DL,"SK, EV",180,12.5,,RU sp,48,24.5,,,,2,,,40,,8,,50
593,A2229,DL,"SK, EV",80,14.5,,RU sp,14,24.5,,10,15,,,,5,,20,,50
523,A2251,NRS,"LB, DL",70,15,,2250,105,33,15,15,,8,,,12,,,,50
546,A2251,NRS,"LB, DL",150,14,,2250,140,33,,,,5,,,30,,15,,50
369,A2251,NRS,"LB, DL",210,11.5,,2250,154,33,,,,5,,3,30,,12,,50
485,A2251,NRS,"LB, DL",320,8.5,,2250,127,33,10,20,,,,10,10,,,,50
595,A2245,NRS,"DL, LB ",40,15,,,,,,1,,5,,2,42,,,,50
374,A2245,NRS,"DL, LB ",205,13,,,,,,10,,,,10,20,,10,,50
835,A2245,NRS,"DL, LB ",260,13,,,,,,5,,,,,30,,15,,50
592,A2245,NRS,"DL, LB ",310,20,,,,,,7,,,,,28,,15,,50
868,A2242,NRS,"DL, LB ",115,5.5,,,,,,25,,5,,,17,,3,,50
484,A2242,NRS,"DL, LB ",230,13,,,,,,10,,,10,,10,,20,,50
607,A2242,NRS,"DL, LB ",270,13.5,,,,,,8,,3,5,,22,,12,,50
383,A2242,NRS,"DL, LB ",10,6,,,,,30,4,,,,,10,,6,,50
330,B1661,NRS,"SK, EV",160,4.5,,SA sp,140,43,,20,,5,,,25,,,,50
328,B1661,NRS,"SK, EV",40,16.5,,,,,,2,,5,,,33,,10,,50
331,B1661,NRS,"SK, EV",130,19,,,,,,,,5,,,30,,15,,50
325,B1661,NRS,"SK, EV",230,10,,SA sp,175,43,,10,,5,,,30,,5,,50
483,B1654,NRS,"SK, EV",290,16,,,,,,5,,5,,15,15,,10,,50
528,B1654,NRS,"SK, EV",40,13,,SA sp,199,107,,5,,,,,30,,15,,50
608,B1654,NRS,"SK, EV",100,11,,,,,,4,,,,12,4,,30,,50
853,B1654,NRS,"SK, EV",220,15,,,,,,15,,,,17,18,,10,,60
539,B1653,NRS,"SK, EV",240,8,,,,,,35,,,,,5,,10,,50
587,B1653,NRS,"SK, EV",360,11.5,,,,,5,15,,,,,25,,5,,50
885,B1653,NRS,"SK, EV",60,9.5,,,,,,25,,,,,5,,20,,50
372,B1653,NRS,"SK, EV",150,16,,,,,5,15,,,,,15,,15,,50
498,B1651,NRS,"SK, EV",200,9.5,,,,,,,,2,,,33,,15,,50
599,B1651,NRS,"SK, EV",330,6.5,,,,,,15,,,,5,25,,5,,50
842,B1651,NRS,"SK, EV",50,19,,,,,,,,5,,10,15,,20,,50
619,B1651,NRS,"SK, EV",110,17.5,,,,,,,,5,,10,5,,20,,40
474,B1642,NRS,"SK, EV",330,9,,,,,,10,,2,,10,26,,2,,50
561,B1642,NRS,"SK, EV",60,19,,,,,,20,,5,,5,15,,5,,50
887,B1642,NRS,"SK, EV",160,13,,,,,,18,,,,2,10,,20,,50
475,B1642,NRS,"SK, EV",210,12.5,,,,,,16,,,,10,20,,4,,50
580,B1649,NRS,"SK, EV",210,15.5,,,,,1,4,,,,,20,,25,,50
838,B1649,NRS,"SK, EV",260,7,,,,,,8,,,,,22,,20,,50
381,B1649,NRS,"SK, EV",360,13.5,,,,,,20,,,,5,25,,,,50
398,B1649,NRS,"SK, EV",110,16,,,,,,5,,,,10,10,,25,,50
589,B1629,NS,"LB, NRS",150,22,,,,,,5,,3,,6,36,,,,50
517,B1629,NS,"LB, NRS",200,17.5,,,,,,20,,3,,2,17,,8,,50
858,B1629,NS,"LB, NRS",325,19,,,,,,15,,,,,11,,24,,50
845,B1629,NS,"LB, NRS",25,7.5,,,,,,15,,,,3,26,,6,,50
571,B1638,NS,"LB, NS",270,14,,SA sp ,97,48,,5,,,,,30,,15,,50
568,B1638,NS,"LB, NS",340,9,,SA sp ,64,21,,15,,,,,25,,10,,50
594,B1638,NS,"LB, NS",145,17,,RU sp ,36,29,,,,,,,35,,15,,50
563,B1638,NS,"LB, NS",200,11,,RU sp ,55,2,,5,,,,,25,,20,,50
832,A2226,NS,"SK, EV",220,17.5,,ROWO,25,36,,8,,,,5,27,,10,,50
534,A2226,NS,"SK, EV",240,31.5,,ROWO,66,36,,,,,,,42,,8,,50
854,A2226,NS,"SK, EV",340,8.5,,ROWO,75,16.5,,20,,,,5,27,,8,,60
664,A2226,NS,"SK, EV",300,15.5,,ROWO,45,36,,10,,,,4,28,,8,,50
870,A2256,NS,,90,18,,,,,,,,5,,10,35,,,,50
361,A2256,NS,,180,9,,,,,,,,5,,,37,,8,,50
602,A2256,NS,,230,10.5,,,,,,10,,5,,,35,,,,50
476,A2256,NS,,0,4.5,,,,,,,,5,,10,35,,,,50
319,B1660,NS,"SK, EV",140,27.5,,SA sp ,173,81,,5,,,,,30,,15,,50
356,B1660,NS,"SK, EV",249,16.5,,SA sp ,195,81,,40,,,,,10,,,,50
306,B1660,NS,"SK, EV",300,12.5,,,,,,40,,,,,10,,,,50
357,B1660,NS,"SK, EV",80,25,,,,,,25,,,,,20,,5,,50
675,B1652,NS ,"SK, EV",150,20,,SA sp,145,63,,20,,,5,,20,,5,,50
873,B1652,NS ,"SK, EV",200,20.5,,SA sp,188,63,,20,,,,5,20,,5,,50
532,B1652,NS ,"SK, EV",340,15.5,,SA sp,153,34,,25,,3,,,20,,2,,50
392,B1652,NS ,"SK, EV",100,26,,SA sp ,110,63,,20,,,,10,15,,5,,50
513,B1643,NS,"SK, EV",340,11.5,,,,,,15,,,,,30,,5,,50
530,B1643,NS,"SK, EV",90,32,,,,,,8,,,,7,30,,5,,50
515,B1643,NS,"SK, EV",150,19.5,,,,,,2,,,,10,33,,5,,50
543,B1643,NS,"SK, EV",260,16,,,,,10,5,,,,10,21,,4,,50
872,A2239,EV,"DL, LB ",,,,SA sp ,158,55,,5,,5,,25,58,,7,,100
511,A2239,EV,"DL, LB ",,,,,,,10,30,,,,6,54,,,,100
387,A2239,EV,"DL, LB ",,,,,,,,50,,3,,20,47,,,,120
541,A2239,EV,"DL, LB ",,,,,,,,10,,5,,25,60,,,,100
366,B1656,EV,"SK, EV",30,15,,,,,,5,,,,,35,,10,,50
491,B1656,EV,"SK, EV",140,29,,,,,,5,,,,,40,,5,,50
393,B1656,EV,"SK, EV",230,17,,,,,,10,,,,,5,,35,,50
606,B1656,EV,"SK, EV",10,11,,,,,,5,,,5,,30,,10,,50
385,B1648,EV,"SK, EV",70,19,,,,,,8,,,,,12,30,,,50
557,B1648,EV,"SK, EV",160,20,,,,,,4,,4,,,22,,20,,50
531,B1648,EV,"SK, EV",250,30,,SA sp,200,85,,,,,,,45,,5,,50
879,B1648,EV,"SK, EV",310,12,,,,,15,5,,,,,30,,,,50
400,A2238,LB,"LB, DL",,,,,,,,60,,,,25,15,,,,100
612,A2238,LB,"LB, DL",,,,,,,,60,,,,25,15,,,,100
590,A2238,LB,"LB, DL",,,,,,,,25,,10,8,5,52,,,,100
490,A2238,LB,"LB, DL",,,,,,,20,25,,,,20,35,,,,100
611,A2228,DL,"SK, EV",,,,,,,,20,,2,,5,73,,,,100
582,A2228,DL,"SK, EV",,,,,,,,20,,,,10,70,,,,100
609,A2228,DL,"SK, EV",,,,,,,,40,,,,10,50,,,,100
879,A2228,DL,"SK, EV",,,,,,,,30,,5,,,65,,,,100
514,B1630,DL,"LB, NRS",,,,,,,,25,,5,,5,65,,,,100
856,B1630,DL,"LB, NRS",,,,,,,,30,,3,,5,62,,,,100
878,B1630,DL,"LB, NRS",,,,,,,,65,,,,3,32,,,,100
569,B1630,DL,"LB, NRS",,,,POTR,108,17,,65,,2,,3,30,,,,100
882,B1634,DL,"LB, NRS",,,,,,,,10,,10,8,2,70,,,,100
864,B1634,DL,"LB, NRS",,,,,,,,15,,5,,5,75,,,,100
510,B1634,DL,"LB, NRS",,,,,,,,15,,5,,5,75,,,,100
535,B1634,DL,"LB, NRS",,,,,,,,30,,8,,7,55,,,,100
579,A2233,DL,"LB, DL",,,,SA sp,186,125,,40,,3,,,57,,,,100
538,A2233,DL,"LB, DL",,,,,,,,50,,,4,,46,,,,100
681,A2233,DL,"LB, DL",,,,,,,,60,,,,,30,,10,,100
891,A2233,DL,"LB, DL",,,,,,,,50,,,3,15,32,,,,100
865,A2232,DL,"LB, DL",,,,RU sp,76,1.5,,20,,3,2,,75,,,,100
554,A2232,DL,"LB, DL",,,,RU sp,19,1,,10,3,5,,,82,,,,100
591,A2232,DL,"LB, DL",,,,RU sp,1.2,1,,,,10,,3,87,,,,100
831,A2232,DL,"LB, DL",,,,RU sp,66,1,,10,,5,,5,80,,,,100
570,A2227,DL,"SK, EV",,,,RU sp,39,2,,20,,1,5,,74,,,,100
653,A2227,DL,"SK, EV",,,,RU sp,25,14,,,25,5,,35,35,,,,100
886,A2227,DL,"SK, EV",,,,RU sp,18,1.5,,10,15,,5,,70,,,,100
537,A2227,DL,"SK, EV",,,,RU sp,30,13.5,,10,8,5,,,77,,,,100
388,A2249,NRS,"LB, DL",,,,,,,,10,,10,,8,72,,,,100
488,A2249,NRS,"LB, DL",,,,,,,,10,,10,,15,65,,,,100
620,A2249,NRS,"LB, DL",,,,,,,,10,,15,,,75,,,,100
624,A2249,NRS,"LB, DL",,,,,,,,10,,5,,25,60,,,,100
360,A2248,NRS,"LB, DL",,,,,,,,1,,15,3,5,76,,,,100
520,A2248,NRS,"LB, DL",,,,,,,,3,,5,,,92,,,,100
395,A2248,NRS,"LB, DL",,,,,,,,25,,,,,75,,,,100
481,A2248,NRS,"LB, DL",,,,,,,,5,,10,,,83,,2,,100
399,A2243,NRS,"LB, DL",,,,,,,,50,,5,,10,35,,,,100
367,A2243,NRS,"LB, DL",,,,,,,,62,,3,,20,15,,,,100
899,A2243,NRS,"LB, DL",,,,,,,,75,,5,,15,5,,,,100
894,A2243,NRS,"LB, DL",,,,,,,,55,,,,25,20,,,,100
334,B1662,NRS,"SK, EV",,,,,,,,10,,8,,,82,,,,100
327,B1662,NRS,"SK, EV",,,,,,,,10,,12,5,,73,,,,100
335,B1662,NRS,"SK, EV",,,,,,,,30,,5,,,65,,,,100
343,B1662,NRS,"SK, EV",,,,,,,,12,,,8,,80,,,,100
410,B1658,NRS,"SK, EV",,,,,,,5,20,,5,,35,35,,,,100
302,B1658,NRS,"SK, EV",,,,SA sp,160,85,,10,,5,,10,75,,,,100
305,B1658,NRS,"SK, EV",,,,,,,,5,,,,20,75,,,,100
313,B1658,NRS,"SK, EV",,,,,,,,20,,,,20,60,,,,100
389,B1657,NRS,"SK, EV",,,,,,,,80,,,,10,10,,,,100
495,B1657,NRS,"SK, EV",,,,,,,,20,,,,40,40,,,,100
386,B1657,NRS,"SK, EV",,,,,,,,15,,,,30,55,,,,100
552,B1657,NRS,"SK, EV",,,,,,,,50,,,,25,25,,,,100
869,B1650,NRS,"SK, EV",,,,,,,10,,50,,,20,20,,,,100
492,B1650,NRS,"SK, EV",,,,,,,,92,,,,,8,,,,100
496,B1650,NRS,"SK, EV",,,,,,,,45,,,10,5,40,,,,100
486,B1650,NRS,"SK, EV",,,,,,,,80,,,,10,10,,,,100
576,B1641,NRS,"SK, EV",,,,,,,,80,,,,,20,,,,100
377,B1641,NRS,"SK, EV",,,,,,,,40,,,,,60,,,,100
472,B1641,NRS,"SK, EV",,,,,,,,80,,,,,20,,,,100
471,B1641,NRS,"SK, EV",,,,,,,,20,,8,,,72,,,,100
506,A2230,NS,"SK, EV",,,,,,,,10,,5,,,85,,,,100
616,A2230,NS,"SK, EV",,,,,,,,25,,1,,2,72,,,,100
846,A2230,NS,"SK, EV",,,,,,,,20,,,,20,60,,,,100
889,A2230,NS,"SK, EV",,,,,,,,15,,,5,,80,,,,100
556,B1628,NS,"LB, NRS",,,,,,,,75,,,8,,17,,,,100
512,B1628,NS,"LB, NRS",,,,,,,,60,,,,3,37,,,,100
867,B1628,NS,"LB, NRS",,,,SA sp,1.02,50,,90,,,,,10,,,,100
509,B1628,NS,"LB, NRS",,,,,,,,60,,2,,,38,,,,100
847,B1633,NS,"LB, NRS",,,,,,,,50,,,,,50,,,,100
575,B1633,NS,"LB, NRS",,,,,,,,40,,3,,,47,,,,90
839,B1633,NS,"LB, NRS",,,,,,,,30,,5,,,65,,,,100
522,B1633,NS,"LB, NRS",,,,,,,,20,,3,,,77,,,,100
615,A2259,NS,"LB, DL",,,,RU sp,75,1,,10,,10,,25,55,,,,100
516,A2259,NS,"LB, DL",,,,RU sp,130,1,,30,,,,40,30,,,,100
850,A2259,NS,"LB, DL",,,,,,,,6,,5,,10,79,,,,100
370,A2259,NS,"LB, DL",,,,,,,,15,,15,,8,62,,,,100
613,A2257,NS,"LB, DL",,,,SA sp,155,65,,25,,,,40,35,,,,100
892,A2257,NS,"LB, DL",,,,SA sp,165,65,,30,,5,,10,42,13,,,100
526,A2257,NS,"LB, DL",,,,,,,,,,10,,5,81,4,,,100
875,A2257,NS,"LB, DL",,,,,,,,15,,10,,,80,5,,,110
500,B1655,NS,"SK, EV",,,,,,,,15,,,5,40,40,,,,100
390,B1655,NS,"SK, EV",,,,,,,,70,,10,,,20,,,,100
478,B1655,NS,"SK, EV",,,,,,,,30,,5,5,30,30,,,,100
558,B1655,NS,"SK, EV",,,,,,,,15,,,,45,40,,,,100
375,A2236,EV,"LB, DL",,,,SA sp,145,73,,7,,10,,20,54,,9,,100
363,A2236,EV,"LB, DL",,,,,,,,30,,5,5,,60,,,,100
601,A2236,EV,"LB, DL",,,,,,,,25,,5,,,70,,,,100
487,A2236,EV,"LB, DL",,,,,,,,10,,15,,,75,,,,100
855,A2238,EV,"LB, DL",,,,,,,,,,5,,,92,,3,,100
473,A2238,EV,"LB, DL",,,,,,,,,,6,,,92,,2,,100
843,A2238,EV,"LB, DL",,,,,,,,3,,4,,,90,,3,,100
549,A2238,EV,"LB, DL",,,,,,,,1,,10,,,85,,4,,100
128,1544,LB,"LB, SK",160,9.5,,SA sp,131,16,,4,,4,,32,,,10,,50
131,1544,LB,"LB, SK",290,16,,SA sp,190,16,,5,,,5,40,,,,,50
126,1544,LB,"LB, SK",20,19,,SA sp,190,16,,10,,4,,26,,,10,,50
124,1544,LB,"LB, SK",140,13.5,,SA sp,127,16,5,5,,,,25,,,15,,50
110,1524,SS,"LB, LY",0,19,,,,,4,,,1,,33,2,,10,,50
105,1524,SS,"LB, LY",134,13,,,,,2,1,,,1,43,3,,,,50
83,1524,SS,"LB, LY",34,18,,SA sp,170,6,,,,,5,,40,,5,,50
232,1524,SS,"LB, LY",325,34,,SA sp,122,6,,,,2,,15,33,,,,50
36,5873,LY,"LB, LY",237,24,,SA sp,165,18,1,10,,,,35,,,4,,50
77,5873,LY,"LB, LY",345,12,,SA sp,92,18,10,,,,,30,,,10,,50
32,5873,LY,"LB, LY",118,13,,SA sp,132,18,,,,2,,3,35,,10,,50
44,5873,LY,"LB, LY",195,12,,SA sp,165,18,,2,,3,,10,25,,10,,50
53,5875,LY,"LB, LY",93,8,,SA sp,103,5,5,T,,,,33,10,,2,,50
21,5875,LY,"LB, LY",12,10,,SA sp,133,5,30,,,,,18,2,,,,50
34,5875,LY,"LB, LY",295,9,,SA sp,158,5,,,,3,,19,20,,8,,50
40,5875,LY,"LB, LY",222,12,,SA sp,123,5,,,,5,,20,20,,5,,50
241,1556,LY,LB,10,16,,SA sp,44,33.5,,15,,,,25,,,10,,50
246,1556,LY,LB,60,17,,Bimo,23,4,,,4,,,36,,,10,,50
245,1556,LY,LB,115,14.5,,SA sp,34,6.5,,,15,,,15,,,20,,50
175,1556,LY,LB,190,11.5,,SA sp ,75,6.5,,4,,,,26,,,20,,50
813,1573,LY,"LB, SK",150,15,,SA sp,37.5,11,,,10,,,20,10,,10,,50
195,1573,LY,"LB, SK",180,11.5,,SA sp,68,11,4,4,,,4,28,,,10,,50
196,1573,LY,"LB, SK",240,3.5,,SA sp ,51,4.5,4,10,,,,26,,,10,,50
169,1573,LY,"LB, SK",60,9,,SA sp,60,4.5,1,8,,,,33,,,8,,50
827,1574,LY,"LB, SK",110,10,,SA sp,92,4.5,2,4,,,,34,,,10,,50
178,1574,LY,"LB, SK",50,13,,SA sp,110,4.5,4,,,,,15,11,,20,,50
154,1574,LY,"LB, SK",320,11.5,,,,,,2,,,,15,23,,10,,50
199,1574,LY,"LB, SK",200,16.5,,SA sp,190,45,,5,,,,40,,,5,,50
709,1576,LY,"LB, SK",110,14,,SA sp,47,12,1,2,,,,39,,,8,,50
708,1576,LY,"LB, SK",18,14,,SA sp,30,1,2,4,6,,,30,,,8,,50
710,1576,LY,"LB, SK",260,7.5,,SA sp,58,1.5,1,,,,,39,,,10,,50
704,1576,LY,"LB, SK",10,18,,SA sp,26,1.5,1,,8,,,41,,,,,50
730,1582,LY,"LB, SK",120,16.5,,SA sp,54,1,2,4,,,,42,,,2,,50
191,1582,LY,"LB, SK",200,11.5,,SA sp ,36,2,1,,,,,41,,,8,,50
712,1582,LY,"LB, SK",350,14,,SA sp,54,1.5,,,,,,50,,,,,50
190,1582,LY,"LB, SK",60,16.5,,SA sp,18,1,,,8,,,32,,,10,,50
736,1590,SS,"LB, SK",250,16,,SA sp,186,25.5,8,,,,,32,,,10,,50
747,1590,SS,"LB, SK",170,19,,SA sp,116,4,1,,,,,41,,,8,,50
760,1590,SS,"LB, SK",100,16.5,,SA sp ,77,4,8,,,,,42,,,,,50
720,1590,SS,"LB, SK",340,11,,SA sp,60,4,2,4,,,,40,,,4,,50
786,1599,SS,"LB, LY",270,18,,SA sp,49,7,2,,,,,40,4,,4,,50
790,1599,SS,"LB, LY",333,28,,SA sp,35,18,3,10,6,3,,26,,,2,,50
772,1599,SS,"LB, LY",57,32,,SA sp,67,18,3,T,,,,35,2,,10,,50
769,1599,SS,"LB, LY",201,26,,SA sp,44,7,3,,,,1,46,,,,,50
173,1567,LY,"LB, SS",202,10,,SA sp,101,2,,2,,2,,16,22,,8,,50
806,1567,LY,"LB, SS",148,18,,SA sp,77,2,1,3,,,,13,24,,9,,50
198,1567,LY,"LB, SS",42,23.5,,SA sp,18,1,4,1,,,,12,28,,5,,50
809,1567,LY,"LB, SS",293,10.5,,SA sp,41,1,5,6,,2,,14,23,,,,50
825,1568,LY,"LB, SS",215,15.5,,SA sp,13.5,0.5,5,,1,,2,22,20,,,,50
830,1568,LY,"LB, SS",281,10,,SA sp,68,1.5,8,2,,,,24,10,,6,,50
155,1568,LY,"LB, SS",114,14,,SA sp,21,1,1,T,5,,,33,7,,4,,50
810,1568,LY,"LB, SS",337,16,,,,,,T,,,,41,3,,6,,50
784,1625,LB,"SK, SS",217,9.5,,SA sp,22,0.5,1,,2,,,45,,,2,,50
696,1625,LB,"SK, SS",272,5.5,,SA sp,15,0.5,1,,2,,,40,,,7,,50
676,1625,LB,"SK, SS",337,9,,SA sp,36.5,1,1,,1,,,24,12,,2,,40
627,1625,LB,"SK, SS",105,12.5,,SA sp,31.5,1.5,T,,9,,,26,,,15,,50
690,1621,LB,"SK, SS",97,14,,SA sp,110,12,1,,T,,,33,10,,6,,50
673,1621,LB,"SK, SS",165,12,,SA sp,55,6,16,,,,,24,,,10,,50
660,1621,LB,"SK, SS",287,13.5,,SA sp,87,6,6,,,1,,27,14,6,6,,60
682,1621,LB,"SK, SS",1,12,,SA sp,34,1,2,11,1,1,,23,2,T,10,,50
650,1604,SS,"SK, SS",170,19,,SA sp,62,1,3,,,,2,38,7,,,,50
695,1604,SS,"SK, SS",284,11,,SA sp,57,0.5,2,4,,,,36,2,,6,,50
672,1604,SS,"SK, SS",27,13.5,,SA sp,39,1,1,,,,,49,,,,,50
646,1604,SS,"SK, SS",87,16.5,,UNK,2,25,12,,1,,1,34,2,,,,50
666,1596,SS,"LB, LY",264,20,,SA sp,43,1,2,5,,,3,37,3,,5,,55
775,1596,SS,"LB, LY",335,14,,SA sp,77,1,2,5,,,,43,,,,,50
794,1596,SS,"LB, LY",136,16.5,,SA sp,33,2,,1,2,,,42,,,5,,50
787,1596,SS,"LB, LY",199,18,,SA sp,28,3,,1,20,,,28,,,1,,50
123,1551,SS,"LB, SK",290,17,,SA sp,71,35,8,,,,,37,,,5,,50
144,1551,SS,"LB, SK",240,20,,SA sp,26,35,4,,40,,6,,,,,,50
149,1551,SS,"LB, SK",100,14,,SA sp,75,35,8,,,,,38,,,4,,50
654,1600,SS,"SK, SS",316,18.5,,SA sp,47,5,8,,,,,38,3,,1,,50
798,1600,SS,"SK, SS",256,15.5,,SA sp,49,1,3,,,,,42,1,,4,,50
643,1600,SS,"SK, SS",75,13.5,,SA sp,63,5,,T,,,,42,,,8,,50
655,1615,LB,"SK, SS",209,13.5,,SA sp,112,10,T,T,,1,,32,10,,7,,50
651,1615,LB,"SK, SS",263,14,,SA sp,114,10,T,,,,,30,8,,12,,50
648,1615,LB,"SK, SS",73,9,,SA sp,36,0.5,,T,2,,,25,10,,13,,50
652,1624,LB,"SK, SS",200,9.5,,SA sp,179,41,1,2,,,,34,3,,10,,50
697,1625,LB,"SK, SS",294,13,,SA sp,134,41,6,,,,,36,,,8,,50
658,1624,LB,"SK, SS",170,11,,SA sp,193,21,,,,,5,43,,,2,,50
200,1564,LY,"LB, SS",243,8.5,,,,,,14,,,,20,16,,,,50
817,1564,LY,"LB, SS",353,6,,,,,1,11,,1,2,24,4,,7,,50
163,1564,LY,"LB, SS",55,9,,,,,,2,,,,28,5,,15,,50
180,1561,SS,"SS, LY",90,14,,SA sp,117,7,,25,,,1,19,5,,,,50
197,1561,SS,"SS, LY",108,21,,SA sp,145,7,,25,,,,15,,,10,,50
807,1561,SS,"SS, LY",300,16,,SA sp,142,7,,40,,,3,2,5,,,,50
187,1559,SS,"SS, LY",229,19,,SA sp,57,36,,8,3,,,31,,,8,,50
171,1559,SS,"SS, LY",293,16.5,,SA sp,97,36,,3,,,,45,,,2,,50
818,1559,SS,"SS, LY",58,15,,SA sp,116,36,1,4,,,,40,,,5,,50
233,1559,SS,"SS, LY ",180,10,,SA sp,16,1,,,2,,42,,2,,4,,50
184,1559,SS,"SS, LY ",293,19,,SA sp,52,4,,T,,T,2,48,,,,,50
185,1559,SS,"SS, LY ",340,15,,SA sp,45,8,,T,,,20,30,,,,,50
815,1557,SS,"LB, SK",230,17.5,,SA sp,24,4,,8,5,,,37,,,,,50
820,1557,SS,"LB, SK",330,12.5,,SA sp,42,4,4,8,,,,38,,,,,50
828,1557,SS,"LB, SK",70,21.5,,SA sp,33,3.5,,4,5,T,,41,,,,,50
294,1555,,"LB, SK",220,11.5,,SA sp,31,12.5,2,4,8,,,16,,,20,,50
210,1555,,"LB, SK",300,10,,SA sp,25,11.5,,2,15,,,18,,,15,,50
823,1555,,"LB, SK",140,8.5,,SA sp,35,12.5,,,10,4,,31,,,5,,50
808,1553,SS,"LB, SK",230,22,,SA sp,40,6,,4,15,,,27,,,4,,50
253,1553,SS,"LB, SK",165,6,,SA sp,33,4,2,2,8,,,28,,,10,,50
240,1553,SS,"LB, SK",300,13.5,,SA sp,42,5.5,1,25,,,,9,,,15,,50
284,1529,SK,"SK, LY",315,11.5,,SA sp,71,25,,,,,2,48,,,,,50
243,1529,SK,"SK, LY",100,9,,SA sp,100,25,,1,,,8,41,,,,,50
261,1529,SK,"SK, LY",190,12,,SA sp,105,25,,,,,8,42,,,,,50
281,1528,SS,"SK, LY ",20,4.5,,SA sp,31,3,,T,,4,,46,,,,,50
260,1528,SS,"SK, LY ",240,20,,RI sp,70,39,,16,,,10,24,,,,,50
289,1528,SS,"SK, LY ",165,15,,RI sp,20,39,,,8,,25,17,,,,,50
269,1536,LB,"SK, LY",110,7,,SYLE,46,29,4,,,12,,24,,,10,,50
247,1536,LB,"SK, LY",190,29.5,,SYLE,114,29,,5,,15,,30,,,,,50
300,1536,LB,"SK, LY",340,6.5,,SYLE,68,29,,15,,5,8,,,,5,,33
88,104.1516,SS,"LB, LY",105,13,,SA sp,104,15,,,,,,50,,,,,50
99,104.1516,SS,"LB, LY",210,16,,SA sp,150,15,,1,,,,39,10,,,,50
98,104.1516,SS,"LB, LY",283,10.5,,SA sp,145,17,,,,,,35,5,,10,,50
129,1546,SS,"LB, SK",180,6.5,,RU sp,32,28,,30,,,,15,,,5,,50
140,1546,SS,"LB, SK",135,22,,RU sp,22.5,28,,10,,,,32,,,8,,50
151,1546,SS,"LB, SK",340,11.5,,SA sp,19,5.5,,,5,,,41,,,4,,50
143,1547,SS,"LB, SK",310,13.5,,SA sp,82,5,,2,,,,48,,,,,50
145,1547,SS,"LB, SK",10,15.5,,SA sp,82,5,,8,,,12,,20,,10,,50
148,1547,SS,"LB, SK",110,20,,SA sp,37,5,3,8,,,,39,,,,,50
740,1592,SS,"LB, SK",40,17.5,,SA sp,137,5.5,4,6,,,,49,,,,,59
754,1592,SS,"LB, SK",220,10.5,,SA sp,85,7.5,8,,,30,,12,,,,,50
194,1560,LY,"SS, LY ",23,4,,SA sp,66,23,,,,10,1,,36,,3,,50
186,1560,LY,"SS, LY ",260,6,,SA sp,92,23,3,,,10,,,22,,15,,50
183,1562,SS ,"SS, LY",195,20.5,,RU sp,44,24,1,T,,7,2,40,,,,,50
829,1562,SS ,"SS, LY",317,22,,RU sp,22,24,,,6,,,44,,,,,50
182,1564,SS,"SS, LY",304,12,,RIMO,114,20,,6,,,8,10,26,,,,50
188,1564,SS,"SS, LY",104,8,,SA sp,48,22,,10,,,30,5,5,,,,50
121,1548,SS,"LB, SK",200,47.5,,SA sp,118,6,,4,,,,,46,,,,50
142,1548,SS,"LB, SK",270,19,,SA sp,35,6,2,5,,,,23,,,20,,50
147,1548,SS,"LB, SK",320,26,,SA sp,54,6,,10,,,,10,,,30,,50
119,1548,SS,"LB, SK",180,29,,SA sp,110,4,,,,,,35,,,15,,50
120,1548,SS,"LB, SK",120,25,,SA sp,65,4,,,,,,20,,,30,,50
632,1609,LB,"SS, SK",163,11.5,,SA sp,86,1,4,4,,,,14,27,,1,,50
622,1609,LB,"SS, SK",238,9,,RU sp,117,3,8,,,1,,17,6,,18,,50
649,1609,LB,"SS, SK",340,8.5,,SA sp,42,1,2,2,T,1,,38,4,,3,,50
645,1609,LB,"SS, SK",52,8,,SA sp,32,1,1,,,,,47,2,,,,50
641,1609,LB,"SS, SK",108,8,,UNKO2,14,1,T,2,T,,,22,12,,4,,40
115,1542,LB,"LB, SS",,,,SA sp,52,22,5,14,,,,10,71,,,,100
114,1542,LB,"LB, SS",,,,SA sp,61,22,,8,,9,,16,67,,,,100
122,1542,LB ,"LB, SS",,,,SA sp ,71,22,2,13,,10,,8,67,,,,100
118,1542,LB ,"LB, SS",,,,SA sp ,46,22,2,6,,13,,6,71,,2,,100
68,104-1517,SS,"LB, LY",,,,SA sp,82,15,,10,,,,40,50,,,,100
45,104-1517,SS,"LB, LY",,,,SA sp,58,15,2,8,,,2,48,40,,,,100
63,104-1517,SS,"LB, LY",,,,SA sp,148,15,,5,,1,1,5,87,,1,,100
60,104-1517,SS,"LB, LY",,,,SA sp,95,15,4,,,1,2,83,10,,,,100
292,1537,LB,"SK, LY",,,,,,,,8,,,,10,82,,,,100
223,1537,LB,"SK, LY",,,,,,,,,,15,,,85,,,,100
214,1537,LB,"SK, LY",,,,SA sp,125,1.5,T,2,,4,,,82,,12,,100
107,1537,LB,"SK, LY",,,,,,,,2,,8,,,88,,2,,100
14,,SS,KY,,,,RICE,132,28,,20,,,5,15,60,,,,100
13,,SS,KY,,,,SA sp,30,5,5,20,10,,15,50,,,,,100
89,,SS,KY,,,,SA sp,24,13.5,,,30,,5,65,,,,,100
15,,SS,KY,,,,SA sp,66,13.5,,20,,,5,20,55,,,,100
5,,LY,KY,,,,,,,,5,,,5,,90,,,,100
7,,LY,KY,,,,,,,,,,5,5,,90,,,,100
6,,LY,KY,,,,,,,,10,,,10,40,40,,,,100
8,,LY,KY,,,,SA sp,64,29,5,,,,20,,75,,,,100
804,1570,LY,"LB, SS, SK",,,,,,,1,8,,1,,28,34,28,,,100
193,1570,LY,"LB, SS, SK",,,,,,,,10,,,,30,55,5,,,100
167,1570,LY,"LB, SS, SK",,,,,,,5,30,,,,,65,,,,100
153,1570,LY,"LB, SS, SK",,,,,,,,25,,,,10,65,,,,100
156,1575,LY,"LB, SK ",,,,SA sp,112,3,,8,,,,52,40,,,,100
165,1575,LY,"LB, SK ",,,,SA sp,50,2,8,8,,,,44,40,,,,100
174,1575,LY,"LB, SK ",,,,RIMO,178,3,,8,,,,52,40,,,,100
164,1575,LY,"LB, SK ",,,,SA sp,135,1,4,12,,,,54,30,,,,100
159,1579,LY,"LB, SK ",,,,,,,,,,,,8,92,,,,100
724,1579,LY,"LB, SK ",,,,,,,,5,,,,10,85,,,,100
725,1579,LY,"LB, SK ",,,,,,,2,1,,,,20,77,,,,100
718,1579,LY,"LB, SK ",,,,,,,,2,,,,40,48,,,,90
761,1595,SS,LY,,,,,,,1,1,,,8,,90,,,,100
741,1595,SS,LY,,,,,,,1,5,,,3,,91,,,,100
757,1595,SS,LY,,,,,,,2,,,,,10,88,,,,100
744,1595,SS,LY,,,,,,,,1,,,5,20,74,,,,100
168,1565,LY,"LB, SS",,,,SA sp,154,2,T,3,,,,2,95,,,,100
801,1565,LY,"LB, SS",,,,,,,,2,,1,,40,57,,,,100
172,1565,LY,"LB, SS",,,,SA sp,183,39,,T,,,,90,10,,,,100
826,1565,LY,"LB, SS",,,,SA sp,177,39,6,3,,,,45,46,,,,100
170,1569,LY,"LB, SS",,,,,,,2,9,,,,85,4,,,,100
295,1569,LY,"LB, SS",,,,,,,,8,,,,70,22,,,,100
192,1569,LY,"LB, SS",,,,,,,,17,,,,79,4,,,,100
162,1569,LY,"LB, SS",,,,,,,5,18,,,,73,4,,,,100
733,1591,SS,LY,,,,SA sp,80,12,5,10,,,3,10,72,,,,100
732,1591,SS,LY,,,,SA sp,105,10,2,1,,1,,10,86,,,,100
743,1591,SS,LY,,,,SA sp,141,13,20,3,,,1,76,,,,,100
752,1591,SS,LY,,,,SA sp,59,7,10,3,,,,87,,,,,100
756,1585,LY,LY,,,,SA sp,89,10,,10,,,,90,,,,,100
758,1585,LY,LY,,,,SA sp,19,3,,1,3,,,96,,,,,100
734,1585,LY,LY,,,,SA sp,59,3,3,8,,,1,88,,,,,100
745,1585,LY,LY,,,,RU sp,28,7,,4,,,10,86,,,,,100
755,1583,LY,LY,,,,SA sp,152,9,6,2,,,,92,,,,,100
759,1583,LY,LY,,,,SA sp,75,10,1,4,,,,95,,,,,100
738,1583,LY,LY,,,,SA sp,45,10,,4,,,,96,,,,,100
750,1583,LY,LY,,,,SA sp,73,2,1,6,,,1,92,,,,,100
767,1602,SS,LY,,,,SA sp,102,10,10,1,,,3,66,20,,,,100
626,1602,SS,LY,,,,SA sp,169,22,4,10,,,,86,,,,,100
698,1602,SS,LY,,,,SA sp,138,12,15,8,,,3,3,71,,,,100
774,1602,SS,LY,,,,SA sp,86,12,5,12,,,,3,80,,,,100
773,1605,SS,LY,,,,SA sp,88,12,4,4,,8,2,82,,,,,100
625,1605,SS,LY,,,,SA sp,55,3,12,3,,,,85,,,,,100
776,1605,SS,LY,,,,RU sp,76,2,5,3,,,,92,,,,,100
800,1605,SS,LY,,,,SA sp,49,7,,1,,,,99,,,,,100
793,1610,LB,LY,,,,SA sp,43,1,,T,,5,,95,,,,,100
797,1610,LB,LY,,,,SA sp,67,8,,,,2,,98,,,,,100
782,1610,LB,LY,,,,SA sp,51,8,6,,,2,,86,,,6,,100
763,1610,LB,LY,,,,SA sp,35,3,,T,5,,,95,,,,,100
762,1619,LB,LY,,,,SA sp,70,9,,5,,,,95,,,,,100
795,1619,LB,LY,,,,SA sp,122,27,,25,,,,71,,,4,,100
770,1619,LB,LY,,,,SA sp,132,9,,3,,,,97,,,,,100
768,1619,LB,LY,,,,SA sp,67,9,2,3,,,,95,,,,,100
659,1626,LB,"SS, SK",,,,SA sp,88,8,,T,,1,,60,39,,,,100
628,1626,LB,"SS, SK",,,,SA sp,187,8,22,3,,,,59,6,,,,90
630,1626,LB,"SS, SK",,,,SA sp,132,24,21,10,,,,57,2,,,,90
671,1626,LB,"SS, SK",,,,SA sp,122,4,12,10,,,,50,28,,,,100
644,1623,LB,SK ,,,,SA sp,31,2,2,,5,,1,42,,,,,50
647,1623,LB,SK ,,,,SA sp,45,17,3,,5,,,42,,,,,50
683,1623,LB,SK ,,,,SA sp,62,46,T,,2,,,42,,,,,44
678,1623,LB,SK ,,,,SA sp,26,1,6,,8,,,36,,,,,50
669,1612,LB,"SK, SS",,,,SA sp,131,20,5,5,,,,90,,,,,100
699,1612,LB,"SK, SS",,,,SA sp,147,21,7,T,,,,93,,,,,100
700,1612,LB,"SK, SS",,,,SA sp,76,77,2,5,,,,85,6,,2,,100
668,1612,LB,"SK, SS",,,,SA sp,58,21,8,T,,,,90,2,,,,100
670,1662,LB,"SK, SS",,,,SA sp,93,3,6,5,,,,89,,,,,100
684,1662,LB,"SK, SS",,,,SA sp,39,1,8,,1,,2,89,,,,,100
693,1662,LB,"SK, SS",,,,UNKO2,32.5,4,5,T,2,,,93,,,,,100
680,1662,LB,"SK, SS",,,,SA sp,23.5,1,3,4,4,,,88,,1,,,100
656,1617,LB,"SK, SS",,,,SA sp,36,1.5,2,,9,,,89,,,,,100
689,1617,LB,"SK, SS",,,,SA sp,65,1.5,5,,,,,93,2,,,,100
640,1617,LB,"SK, SS",,,,SA sp,100,7,8,,,,,89,3,,,,100
691,1617,LB,"SK, SS",,,,SA sp,75,7,13,,,,,87,,,,,100
783,1598,SS,"LB, LY",,,,SA sp,70,9,12,3,,,1,34,,,,,50
791,1598,SS,"LB, LY",,,,SA sp,68,9,25,1,,,1,23,,,,,50
771,1598,SS,"LB, LY",,,,RU sp,68,5,4,8,,,1,37,,,,,50
781,1598,SS,"LB, LY",,,,SA sp,166,9,20,,,,,30,,,,,50
17,,SS,KY,,,,SA sp,133,3.5,,,,5,5,,90,,,,100
100,,SS,KY,,,,SA sp,60,3.5,1,,,10,10,,79,,,,100
87,,SS,KY,,,,SA sp,81,34,5,2,,10,,,73,,10,,100
31,,SS,KY,,,,SA sp,181,34,4,,,2,5,89,,,,,100
29,,SS,KY,,,,SA sp,180,34,,,,,15,,85,,,,100
58,,SS,KY,,,,,,,5,30,,,5,,60,,,,100
93,,SS,KY,,,,SA sp,136,9,4,35,,5,,,56,,,,100
70,,SS,KY,,,,SA sp,81,10,10,,,,2,53,20,,15,,100
242,1549,SS,"SS, LY",,,,SA sp,99,2.5,3,5,,3,,89,,,,,100
290,1549,SS,"SS, LY",,,,SA sp,78,2.5,,8,,5,,87,,,,,100
249,1549,SS,"SS, LY",,,,SA sp,7,2.5,4,,1,1,,94,,,,,100
204,1549,SS,"SS, LY",,,,SA sp,36,1,2,,1,,,95,2,,,,100
266,1549,SS,"SS, LY",,,,SA sp,160,2.5,,2,,,,98,,,,,100
238,1549,SS,"SS, LY",,,,SA sp,136,1,,1,,,,97,2,,,,100
227,1549,SS,"SS, LY",,,,SA sp,86,3,T,,,,,100,,,,,100
239,1549,SS,"SS, LY",,,,SA sp,70,3,1,2,,,,96,1,,,,100
69,5876 (104-1514,LY,"LB, LY",,,,,,,5,2,,,,93,,,,,100
73,5876 (104-1514,LY,"LB, LY",,,,,,,5,,,,1,94,,,,,100
42,5876 (104-1514,LY,"LB, LY",,,,,,,10,,,,1,89,,,,,100
61,5876 (104-1514,LY,"LB, LY",,,,,,,2,,,1,3,89,5,,,,100
51,5876 (104-1514,LY,"LB, LY",,,,,,,,,,10,3,3,84,,,,100
92,5876 (104-1514,LY,"LB, LY",,,,,,,,,,2,,10,88,,,,100
47,5876 (104-1514,LY,"LB, LY",,,,,,,4,,,,3,25,68,,,,100
62,5876 (104-1514,LY,"LB, LY",,,,,,,,,,,5,75,20,,,,100
819,1552,SS,"LB, SK ",,,,SA sp,55,28,,8,,,25,10,57,,,,100
824,1552,SS,"LB, SK ",,,,SA sp,82,22,8,4,,,15,58,15,,,,100
811,1552,SS,"LB, SK ",,,,SA sp,81,22,8,,,,,72,20,,,,100
0,,KY,SK,,,,SA sp,108,26,,5,,,5,90,,,,,100
1,,KY,SK,,,,,,,,2,,,10,88,,,,,100
2,,KY,SK,,,,,,,20,2,,1,,77,,,,,100
3,,KY,SK,,,,,,,25,,,,2,,,,,,27
4,,KY,SK,,,,SA sp,88,10,,,,,10,90,,,,,100
209,104-1521,SS,"LB, LY",,,,SA sp,62,55,1,1,,2,5,,41,,,,50
217,104-1521,SS,"LB, LY",,,,SA sp,132,55,2,1,,10,,,37,,,,50
9,,SS,KY,,,,SA sp,39,5.5,2,,,15,15,,68,,,,100
10,,SS,KY,,,,SA sp,20,10.5,5,20,,,,,65,,10,,100
11,,SS,KY,,,,SA sp,83,10.5,5,10,,,,,85,,,,100
12,,SS,KY,,,,,,,2,,,5,5,,88,,,,100
16,,SS,KY,,,,SA sp,68,21,,5,,2,,93,,,,,100
66,,SS,KY,,,,SA sp,59,25,,5,,2,5,,73,,15,,100
237,1525,SS,"LB, LY",,,,SA sp,170,15,5,,,,,95,,,,,100
220,1525,SS,"LB, LY",,,,SA sp,74,15,10,,,,1,89,,,,,100
235,1525,SS,"LB, LY",,,,SA sp,152,35,15,,,,,85,,,,,100
228,1525,SS,"LB, LY",,,,SA sp,90,40,1,1,,4,,94,,,,,100
234,1525,SS,"LB, LY",,,,SA sp,65,27,1,10,,1,1,87,,,,,100
250,1530,LB,"SK, LY",,,,SA sp,78,11,8,8,,,4,80,,,,,100
251,1530,LB,"SK, LY",,,,SA sp,85,22,5,10,,,,85,,,,,100
244,1530,LB,"SK, LY",,,,SA sp,70,40,5,20,,,,75,,,,,100
236,1527,SS,"LB, LY",,,,SA sp,46,10,5,5,,,1,84,5,,,,100
229,1527,SS,"LB, LY",,,,SA sp,81,25,4,5,,,,86,5,,,,100
230,1527,SS,"LB, LY",,,,SA sp,26,30,2,5,20,,,73,,,,,100
267,1531,LB,"SK, LY",,,,SA sp,54,6,10,30,,2,,58,,,,,100
264,1531,LB,"SK, LY",,,,SA sp,67,44,8,30,,,,62,,,,,100
283,1531,LB,"SK, LY",,,,SA sp,125,19,,24,,,4,72,,,,,100
256,1531,LB,"SK, LY",,,,SA sp,45,19,6,4,,,,90,,,,,100
274,1531,LB,"SK, LY",,,,SA sp,47,4,18,5,,,,69,,,8,,100
252,1531,LB,"SK, LY",,,,SA sp,72,8,15,10,,,,75,,,,,100
76,,LB,KY,,,,SA sp,77,3.5,,5,,,2,93,,,,,100
38,,LB,KY,,,,RICE,18,7,,15,,,20,65,,,,,100
50,,LB,KY,,,,ROWO,38,6,5,15,,,10,70,,,,,100
48,,LB,KY,,,,RICE,44,21,,10,,,10,20,60,,,,100
78,,LB,KY,,,,RICE,51,7,,2,,,20,15,63,,,,100
30,,LB,KY,,,,SA sp,27,9,,15,,4,,81,,,,,100
132,1545,SS,"LB, SK ",260,6,25.5,,,,,20,,,,30,,,,,50
138,1545,SS,"LB, SK ",260,3,30,SA sp,170,24,,10,,8,,32,,,,,50
135,1545,SS,"LB, SK ",260,6,30.5,SA sp,53,14,16,5,,16,,13,,,,,50
136,1545,SS,"LB, SK ",80,7,30,RU sp,53,27,5,8,,10,,,27,,,,50
134,1545,SS,"LB, SK ",80,12.5,30,SA sp,24,8,8,15,,1,,26,,,,,50
139,1545,SS,"LB, SK ",80,9,30,SA sp,81,8,10,5,,,,35,,,,,50
141,1545,SS,"LB, SK ",80,11,41,,,,,10,,8,,32,,,,,50
130,1545,SS,"LB, SK ",260,10,29.5,,,,2,10,,,,38,,,,,50
117,1543,LB,"LB, SS",125,6,28,SA sp,113,3,,3,,,,46,1,,,,50
146,1543,LB,"LB, SS",321,3,23,SA sp,117,3,,18,,,,32,,,,,50
150,1543,LB,"LB, SS",323,4,19,SA sp,30,3,2,18,,,,30,,,,,50
116,1543,LB,"LB, SS",125,8,26,SA sp,47,3,,25,,2,,23,,,,,50
137,1543,LB,"LB, SS",125,12,31,SA sp,42,3,5,40,,,,5,,,,,50
125,1543,LB,"LB, SS",125,13,30.5,,,,,19,,,,15,,,16,,50
133,1543,LB,"LB, SS",323,4,20,,,,,20,,,15,15,,,,,50
127,1543,LB,"LB, SS",323,7.5,20.5,SA sp,82,3,,25,,,5,20,,,,,50
213,1526,SK,"LB, LY",180,11,21,SA sp,134,30,1,1,,,,43,5,,,,50
207,1526,SK,"LB, LY",180,9,20,SA sp,65,30,5,,,,1,44,,,,,50
226,1526,SK,"LB, LY",0,6,22,SA sp,102,30,1,1,,,1,47,,,,,50
222,1526,SK,"LB, LY",0,10,27,SA sp,163,30,,1,,,1,43,5,,,,50
112,1522,LB,"LB, LY",182,8,15,SA sp,27,3,,0,2,,,2,46,,,,50
224,1522,LB,"LB, LY",182,3,19,SA sp,110,3,,6,,1,,2,41,,,,50
231,1522,LB,"LB, LY",2,7,16,SA sp,53,3,,10,,,1,3,36,,,,50
216,1522,LB,"LB, LY",2,9,14,SA sp,66,3,,,,30,5,,15,,,,50
52,104-1518,SS,"LB, LY",210,7,20,,,,1,3,,,,,46,,,,50
96,104-1518,SS,"LB, LY",210,3,21,SA sp,148,15,,30,,2,,,16,,,,48
49,104-1518,SS,"LB, LY",18,5,19,SA sp,83,15,,20,,,5,1,24,,,,50
57,104-1518,SS,"LB, LY",18,7,23,SA sp,112,15,,20,,,1,,29,,,,50
254,1550,SS,"SS, LY",75,6,18,SA sp,68,1,,1,,,2,47,,,,,50
297,1550,SS,"SS, LY",75,9,20,RU sp,119,7,,1,,,2,47,,,,,50
257,1550,SS,"SS, LY",75,6.5,17,SA sp,74,22.5,,1,,,3,46,,,,,50
271,1550,SS,"SS, LY",75,10,14.5,SA sp,67,22.5,,16,1,,8,25,,,,,50
299,1550,SS,"SS, LY",265,9.5,14,SA sp,37,22.5,,T,12,,1,37,,,,,50
272,1550,SS,"SS, LY",270,12.5,16,SA sp,79,22.5,,12,,,4,6,28,,,,50
291,1550,SS,"SS, LY",270,10,15,SA sp,135,3.5,,T,,,2,12,26,,,,40
277,1550,SS,"SS, LY",270,9,19,SA sp,89,1,,T,,,,44,6,,,,50
181,1563,SS,"SS, LY",294,13,16,SA sp,95,19,T,5,,1,1,40,3,,,,50
248,1563,SS,"SS, LY",117,10,22,SA sp,128,19,,T,,,3,,47,,,,50
176,1563,SS,"SS, LY",135,13,21.5,SA sp,143,19,,5,,1,1,5,38,,,,50
166,1563,SS,"SS, LY",290,13,21,SA sp,150,19,2,10,,3,,30,5,,,,50
161,1571,LY,"LB, SK ",190,8.5,21.5,SA sp,186,6,,15,,,,20,15,,,,50
158,1571,LY,"LB, SK ",190,4.5,31,SA sp,131,6,,8,,,,22,20,,,,50
293,1571,LY,"LB, SK ",10,15,21.5,,,,,15,,,,25,10,,,,50
160,1571,LY,"LB, SK ",10,13,30,SA sp,188,11,5,5,,,,30,10,,,,50
711,1577,LY,"LB, SK ",180,5,11.5,SA sp,67,3.5,,2,,,,48,,,,,50
714,1577,LY,"LB, SK ",180,4,9,SA sp,45,5,5,8,,,,37,,,,,50
713,1577,LY,"LB, SK ",0,9.5,12,SA sp,30,2,1,8,5,,,36,,,,,50
715,1577,LY,"LB, SK ",0,11,11,SA sp,30,1,8,4,2,,,36,,,,,50
703,1578,LY,"LB, SK ",10,9,19.5,SA sp,129,10,2,10,,,,18,20,,,,50
707,1578,LY,"LB, SK ",10,5.5,19.5,SA sp,168,11.5,,4,,,,36,10,,,,50
705,1578,LY,"LB, SK ",190,10,15,SA sp,138,10,,2,,,,23,25,,,,50
706,1578,LY,"LB, SK ",190,7.5,24,SA sp,131,3,,15,,,,35,,,,,50
719,1580,LY,"LB, SK ",200,6.5,21,SA sp,75,4,,,,,,40,10,,,,50
729,1580,LY,"LB, SK ",200,7.5,20.5,SA sp,64,4,,1,,,,,49,,,,50
728,1580,LY,"LB, SK ",20,8,29.5,SA sp,73,4,2,20,,,,28,,,,,50
717,1580,LY,"LB, SK ",20,9.5,22,SA sp,17,4,6,4,8,8,,,24,,,,50
721,1581,LY,"LB, SK ",290,7.5,17,SA sp,38,1,T,4,,,,46,,,,,50
722,1581,LY,"LB, SK ",290,8,13.5,SA sp,80,17,,,,,,50,,,,,50
725,1581,LY,"LB, SK ",110,12.5,15,SA sp,19,1,,10,4,,,36,,,,,50
727,1581,LY,"LB, SK ",110,6,12,SA sp,28,17,,,20,,,30,,,,,50
189,1585,LY,"LB, SK ",160,9.5,21,SA sp,27,8,,10,,,,40,,,,,50
702,1585,LY,"LB, SK ",160,9,25.5,SA sp,47,2,4,2,,,,44,,,,,50
701,1585,LY,"LB, SK ",340,6.5,22.5,SA sp,26,19.5,2,1,,,,47,,,,,50
723,1585,LY,"LB, SK ",340,6.5,22.5,SA sp,26,19.5,1,1,,,,48,,,,,50
742,1584,LY,,130,10,24,,,,,30,,,,20,,,,,50
716,1584,LY,,130,12,19,,,,,15,,,,35,,,,,50
802,1584,LY,,310,5.5,25,,,,,30,,,,20,,,,,50
748,1584,LY,,310,8,24.5,,,,,20,,,,30,,,,,50
737,1593,SS,"LB, SK ",310,11,21,SA sp,9.2,34,2,15,,,,23,10,,,,50
735,1593,SS,"LB, SK ",310,8.5,21,SA sp,112,34,,20,,,,20,10,,,,50
753,1593,SS,"LB, SK ",130,8,26.5,SA sp,129,10,,,,,,40,10,,,,50
739,1593,SS,"LB, SK ",130,6.5,22,SA sp,123,66,10,,,,,35,5,,,,50
751,1594,SS,"LB, SK ",140,11.5,29,SA sp,198,24,T,10,,,,10,30,,,,50
746,1594,SS,"LB, SK ",150,18,38.5,SA sp,140,5,,10,,,,40,,,,,50
749,1594,SS,"LB, SK ",330,6,30,SA sp,92,5,,4,,,,46,,,,,50
731,1594,SS,"LB, SK ",330,9,30,SA sp,104,1,,6,,,,44,,,,,50
822,1566,LY,,328,9,35,,,,,7,,1,,8,34,,,,50
814,1566,LY,,328,9,34,,,,,3,,,,5,40,,2,,50
816,1566,LY,,155,7.5,29.5,,,,1,2,,1,,30,16,,,,50
157,1566,LY,,158,4,32,,,,,2,,,,6,42,,,,50
687,1618,LB,"SK, SS",304,4.5,21,SA sp,118,112,4,1,,,,45,,,,,50
634,1618,LB,"SK, SS",304,4,22,SA sp,37,112,4,1,6,,,39,,,,,50
688,1618,LB,"SK, SS",124,5,21.5,SA sp,58,112,12,2,,,,36,,,,,50
677,1618,LB,"SK, SS",124,2.5,22.5,SA sp,71,1,2,,,,4,32,12,,,,50
764,1616,LB,"SK, SS",119,4,20,SA sp,4.5,1,12,T,T,,,28,20,,,,60
662,1616,LB,"SK, SS",119,5,21,SA sp,47,17,24,T,T,,,36,,,,,60
661,1616,LB,"SK, SS",300,5,19.5,SA sp,27.5,1,2,5,4,,,37,2,,,,50
674,1616,LB,"SK, SS",300,3.5,19,SA sp,33,0.5,15,2,,,,33,,,,,50
638,1614,LB,"SK, SS",102,3.5,21.5,SA sp,72,28,,,,,,50,,,,,50
663,1614,LB,"SK, SS",102,4,20,SA sp,86,28,,T,,,,50,,,,,50
692,1614,LB,"SK, SS",288,3.5,22,SA sp,92,1,T,20,,,,30,,,,,50
657,1614,LB,"SK, SS",288,4,26,SA sp,74,9,,2,,,,48,,,,,50
629,1613,LB,"SK, SS",11,3.5,22,SA sp,111,0.5,11,3,,,,36,,,,,50
639,1613,LB,"SK, SS",11,3,18.5,SA sp,49,1,T,8,,,,42,,,,,50
623,1613,LB,"SK, SS",188,4.5,20,SA sp,26.5,1,,3,6,,,41,,,,,50
792,1613,LB,"SK, SS",188,4,"20,5",SA sp,61,1,10,T,,,8,30,2,,,,50
789,1611,LB,"SS, SK",60,3.5,18,SA sp,31,29,,4,,,8,36,2,,,,50
621,1611,LB,"SS, SK",60,4,18,SA sp,143,18,3,8,,,2,35,2,,,,50
631,1611,LB,"SS, SK",241,2.5,19,SA sp,119,18,2,3,,,1,44,,,,,50
635,1611,LB,"SS, SK",241,5,18.5,SA sp,62,0.5,,1,,,,49,,,,,50
796,1608,SS,"SS, SK",135,6.5,17,SA sp,56,9,17,10,,,,20,3,,,,50
665,1608,SS,"SS, SK",315,8.5,19.5,SA sp,114,9,,,,,2,30,28,,,,60
686,1608,SS,"SS, SK",315,6.5,23,SA sp,97,32,7,20,,,,23,,,,,50
765,1608,SS,"SS, SK",135,5.5,20,SA sp,64,32,,T,,2,7,22,19,,,,50
637,1606,SS,"SS, SK",125,4.5,17,SA sp,26,1,1,T,,,,49,,,,,50
766,1606,SS,"SS, SK",125,9.5,16,SA sp,67,11,5,T,,,7,44,,,,,56
642,1606,SS,"SS, SK",315,7.5,15,SA sp,29.5,4.5,T,2,18,,,30,,,,,50
785,1606,SS,"SS, SK",315,6,17,SA sp,26,1,6,4,,,,40,,,,,50
633,1601,SS,"SS, SK",397,7,17,,,,T,30,,,,14,5,1,,,50
778,1601,SS,"SS, SK",144,4.5,17,,,,4,12,,,,18,16,,,,50
694,1601,SS,"SS, SK",144,4.5,17,,,,2,26,,,,19,2,1,,,50
799,1601,SS,"SS, SK",397,5,19,,,,,28,,,,22,,,,,50
780,1597,SS,"LB, LY",242,10,19,SA sp,84,6,,1,,,1,48,,,,,50
777,1597,SS,"LB, LY",242,7,20,SA sp,91,33,,T,,,,50,,,,,50
779,1597,SS,"LB, LY",62,13,20,SA sp,36,4,,1,,,10,39,,,,,50
788,1597,SS,"LB, LY",62,10,19,SA sp,100,20,,3,,,10,37,,,,,50
270,1534,SS,"SK, LY",35,16,23,SA sp,153,25,,1,,,,49,,,,,50
275,1534,SS,"SK, LY",240,9,17,SA sp,120,20,,15,,,,35,,,,,50
803,1554,SS,"LB, SK ",280,8.5,18,SA sp,61,11.5,,,,,,20,30,,,,50
177,1554,SS,"LB, SK ",280,13.5,15.5,SA sp,27,2,4,,2,,,29,,,15,,50
812,1554,SS,"LB, SK ",100,9.5,16.5,SA sp,24,11.5,4,,10,,,26,,,10,,50
821,1554,SS,"LB, SK ",100,8.5,17.5,SA sp,50,12.5,,10,,,,40,,,,,50
805,1554,SS,"LB, SK ",100,4.5,12.5,SA sp,32.5,42,,12,,,,38,,,,,50
219,1554,SS,"LB, SK ",280,8.5,13.5,SA sp,24,10,,8,10,,,32,,,,,50
221,1523,SS,"LB, LY",120,8,31,SA sp,55,7,,,,,5,5,40,,,,50
225,1523,SS,"LB, LY",300,12,34,SA sp,65,7,1,5,,,2,15,27,,,,50
258,1532,SS,"SK, LY",210,10,13,SA sp,85,32,2,30,,2,,16,,,,,50
259,1532,SS,"SK, LY",210,9,14,SA sp,118,32,25,8,,2,2,13,,,,,50
262,1532,SS,"SK, LY",210,14,15,,,,8,12,,4,,26,,,,,50
288,1532,SS,"SK, LY",20,12,17,SA sp,187,32,,20,,,4,26,,,,,50
263,1532,SS,"SK, LY",20,7,14,SA sp,115,32,8,8,,2,1,31,,,,,50
268,1532,SS,"SK, LY",20,9,14.5,SA sp,59,32,12,8,,1,,29,,,,,50
287,1533,SS,"SK, LY",210,7,14,SA sp,55,44,,4,,,10,32,,,4,,50
255,1533,SS,"SK, LY",210,16,10,SA sp,72,44,,1,,,10,17,12,,8,,48
286,1533,SS,"SK, LY",210,17,12,SA sp,80,44,,8,,,8,34,,,,,50
276,1533,SS,"SK, LY",30,15,33,SA sp,47,44,,10,,,,40,,,,,50
278,1533,SS,"SK, LY",30,21,26,SA sp,33,44,,20,,,2,28,,,,,50
273,1533,SS,"SK, LY",30,11,22.5,SA sp,105,44,,25,,,,25,,,,,50
280,1535,LB,"SK, LY",180,9.5,37.5,SA sp,190,32,,8,,4,,38,,,,,50
285,1535,LB,"SK, LY",180,13.5,36,SYOR,116,29,,,,,,50,,,,,50
298,1535,LB,"SK, LY",180,6,38,SYOR,53,29,,,,,10,40,,,,,50
296,1535,LB,"SK, LY",360,13.5,34,SYOR,98,29,T,,,,,48,,,2,,50
279,1535,LB,"SK, LY",360,6.5,41.5,SYOR,130,29,,,,,4,46,,,,,50
282,1535,LB,"SK, LY",360,10,34.5,,,,,,,,,50,,,,,50
39,104-1513,LY,"LB, SK ",150,16.5,42,SA sp,72,7,,,,8,5,37,,,,,50
56,104-1513,LY,"LB, SK ",160,9.5,52,SA sp,88,17.5,,,,2,8,40,,,,,50
35,104-1513,LY,"LB, SK ",185,7,45,SA sp,150,16.5,,,,7,4,29,10,,,,50
72,104-1513,LY,"LB, SK ",310,15.5,49,SA sp,53,7,4,4,,,8,38,,,,,54
74,104-1513,LY,"LB, SK ",310,16.5,52,SA sp,74,17.5,,,,1,8,41,,,,,50
91,104-1513,LY,"LB, SK ",330,26.5,53,SA sp,87,21,,2,,2,10,36,,,,,50
27,104-1519,SS,"LB, LY",164,7,17,SA sp,162,12,,,,,,,50,,,,50
33,104-1519,SS,"LB, LY",344,9,7,SA sp,136,12,,4,,2,2,,42,,,,50
22,104-1519,SS,"LB, LY",164,12,17,,,,,,,,,5,45,,,,50
37,104-1519,SS,"LB, LY",344,7,18,,,,,38,,,2,10,,,,,50
71,104-1519,SS,"LB, LY",164,6,11,SA sp,43,30,1,5,,,2,32,10,,,,50
55,104-1519,SS,"LB, LY",344,9,12,SA sp,75,30,,15,,,3,27,5,,,,50
41,,LB,"LB, SS",315,9,22,SA sp,52,3,T,2,28,,,20,,,,,50
97,,LB,"LB, SS",34,10,29,SA sp,47,3,,T,25,,,25,,,,,50
54,,SS,"SS, LB",259,21,,SA sp,22,7,17,3,,3,,1,26,,,,50
20,,SS,"SS, LB",89,18,,SA sp,39,4,1,12,1,5,,14,17,,,,50
64,,SS,"LB, SS",171,4,20,SA sp,91,6,,T,,,,3,47,,,,50
46,,SS,"LB, SS",175,8,24,SA sp,130,6,,,,,,3,47,,,,50
25,,SS,"LB, SS",343,7,24,SA sp,128,8,,,,1,,3,46,,,,50
23,,SS,"LB, SS",325,4,21,SA sp,125,8,T,16,31,1,2,,,,,,50
65,,LB,"LB, SS",127,24,,SA sp,17,6,6,1,6,,3,6,23,,5,,50
75,,LB,"LB, SS",46,10,,SA sp,54,6,T,2,,1,,6,35,,6,,50
19,,LB,"LB, SS",325,18,,SA sp,78,6,1,,,8,,1,35,,3,,48
67,,LB,"LB, SS",183,27,,SA sp,29,16,3,,11,,,12,19,,5,,50
18,,SS,"SS, LB",220,16,,,,,,,,,,5,41,,4,,50
79,,SS,"SS, LB",279,19,,,,,,,,3,,2,37,,8,,50
90,,SS,"SS, LB",53,26,,,,,,,,,,1,49,,,,50
28,,KY,SS,183,9,,,,,1,,,,2,18,18,,11,,50
26,,KY,SS,121,17,,SA sp,168,15,,,,1,,24,18,,7,,50
24,,KY,SS,38,37,,SA sp,5,3,2,,,,,47,,,1,,50
86,11:57 (SK),SS,"SS, SK",84,22,,SA sp,45,1,,,,,,38,,,12,,50
109,11:57 (SK),SS,"SS, SK",25,22,,Rubes,42,5,,,,,,33,5,,2,,40
106,11:57 (SK),SS,"SS, SK",282,11,,Rubes,98,5,,1,,1,,38,10,,,,50
81,11:36 (SK),SS,"SK, SS",,,,SA sp,76,5,T,T,,,,100,,,,,100
201,11:36 (SK),SS,"SK, SS",,,,SA sp,123,5,,,,,3,97,,,,,100
206,11:36 (SK),SS,"SK, SS",,,,SA sp,67,25,1,T,,,4,92,3,,,,100
85,11:36 (SK),SS,"SK, SS",,,,SA sp,71,20.5,2,T,,,2,94,2,,,,100
80,11:36 (SK),SS,"SK, SS",,,,SA sp,,20.5,,T,8,1,,89,2,,,,100
211,11:36 (SK),SS,"SK, SS",,,,SA sp,116,30,T,T,,,,80,20,,,,100
202,11:36 (SK),SS,"SK, SS",,,,SA sp,66,1,,,,,,80,20,,,,100
212,11:36 (SK),SS,"SK, SS",,,,SA sp,72,30,T,T,,,,86,24,,,,110
108,11:26 (SK),SK,"SK, SS",,,,Ribes,75,72,,7,,,,93,,,,,100
205,11:26 (SK),SK,"SK, SS",,,,SA sp,112,26,,2,,,,98,,,,,100
215,11:26 (SK),SK,"SK, SS",,,,SA sp,78,26,,,,1,,99,,,,,100
208,11:26 (SK),SK,"SK, SS",,,,SA sp,185,19,,1,,,,99,,,,,100
84,11:26 (SK),SK,"SK, SS",,,,SA sp,142,26,T,5,,,,95,,,,,100
203,11:26 (SK),SK,"SK, SS",,,,SA sp,126,17,3,2,,,,95,,,,,100
82,11:26 (SK),SK,"SK, SS",,,,SA sp,112,18,5,9,,,,86,,,,,100
111,11:26 (SK),SK,"SK, SS",,,,SA sp,65,18,9,1,,,,89,1,,,,100
102,11:15 (SK) ,SK,"SK, SS",28,12,,SA sp,19,7,T,1,10,1,,22,2,,4,,40
103,11:15 (SK) ,SK,"SK, SS",115,14,,Rubes,10,1,T,1,,1,6,21,20,,1,,50
101,11:04 (SK),SK,"SK, SS",66,7,26,SA sp,24,4,1,T,,,,45,4,,,,50
104,11:04 (SK),SK,"SK, SS",263,9,24,SA sp,36,4,,11,,,,24,15,,,,50
113,11:04 (SK),SK,"SK, SS",81,13,25,SA sp,67,4,,,,,,25,24,,1,,50
218,11:04 (SK),SK,"SK, SS",261,6,22,SA sp,56,4,T,6,,,,44,,,,,50
,,,,,,,,,,,,,,,,,,,,0
,,,,,,,,,,,,,,,,,,,,0
,,,,,,,,,,,,,,,,,,,,0
,,,,,,,,,,,,,,,,,,,,0
,,,,,,,,,,,,,,,,,,,,0
,,,,,,,,,,,,,,,,,,,,0
,,,,,,,,,,,,,,,,,,,,0
,,,,,,,,,,,,,,,,,,,,0
,,,,,,,,,,,,,,,,,,,,0
,,,,,,,,,,,,,,,,,,,,0
,,,,,,,,,,,,,,,,,,,,0
,,,,,,,,,,,,,,,,,,,,0
,,,,,,,,,,,,,,,,,,,,0
,,,,,,,,,,,,,,,,,,,,0
,,,,,,,,,,,,,,,,,,,,0
,,,,,,,,,,,,,,,,,,,,0
,,,,,,,,,,,,,,,,,,,,0
,,,,,,,,,,,,,,,,,,,,0
,,,,,,,,,,,,,,,,,,,,0
,,,,,,,,,,,,,,,,,,,,0
,,,,,,,,,,,,,,,,,,,,0
,,,,,,,,,,,,,,,,,,,,0
,,,,,,,,,,,,,,,,,,,,0
,,,,,,,,,,,,,,,,,,,,0
,,,,,,,,,,,,,,,,,,,,0
,,,,,,,,,,,,,,,,,,,,0
,,,,,,,,,,,,,,,,,,,,0
,,,,,,,,,,,,,,,,,,,,0
,,,,,,,,,,,,,,,,,,,,0
,,,,,,,,,,,,,,,,,,,,0
,,,,,,,,,,,,,,,,,,,,0
,,,,,,,,,,,,,,,,,,,,0
,,,,,,,,,,,,,,,,,,,,0
,,,,,,,,,,,,,,,,,,,,0
,,,,,,,,,,,,,,,,,,,,0
,,,,,,,,,,,,,,,,,,,,0
,,,,,,,,,,,,,,,,,,,,0
,,,,,,,,,,,,,,,,,,,,0
,,,,,,,,,,,,,,,,,,,,0
,,,,,,,,,,,,,,,,,,,,0
,,,,,,,,,,,,,,,,,,,,0
,,,,,,,,,,,,,,,,,,,,0
,,,,,,,,,,,,,,,,,,,,0
,,,,,,,,,,,,,,,,,,,,0
,,,,,,,,,,,,,,,,,,,,0
,,,,,,,,,,,,,,,,,,,,0
,,,,,,,,,,,,,,,,,,,,0
,,,,,,,,,,,,,,,,,,,,0
,,,,,,,,,,,,,,,,,,,,0
,,,,,,,,,,,,,,,,,,,,0
,,,,,,,,,,,,,,,,,,,,0
,,,,,,,,,,,,,,,,,,,,0
,,,,,,,,,,,,,,,,,,,,0
,,,,,,,,,,,,,,,,,,,,0
,,,,,,,,,,,,,,,,,,,,0
,,,,,,,,,,,,,,,,,,,,0
,,,,,,,,,,,,,,,,,,,,0
,,,,,,,,,,,,,,,,,,,,0
,,,,,,,,,,,,,,,,,,,,0
,,,,,,,,,,,,,,,,,,,,0
,,,,,,,,,,,,,,,,,,,,0
,,,,,,,,,,,,,,,,,,,,0
,,,,,,,,,,,,,,,,,,,,0
,,,,,,,,,,,,,,,,,,,,0
,,,,,,,,,,,,,,,,,,,,0
,,,,,,,,,,,,,,,,,,,,0
,,,,,,,,,,,,,,,,,,,,0
,,,,,,,,,,,,,,,,,,,,0
,,,,,,,,,,,,,,,,,,,,0
,,,,,,,,,,,,,,,,,,,,0
,,,,,,,,,,,,,,,,,,,,0
,,,,,,,,,,,,,,,,,,,,0
,,,,,,,,,,,,,,,,,,,,0
,,,,,,,,,,,,,,,,,,,,0
,,,,,,,,,,,,,,,,,,,,0
,,,,,,,,,,,,,,,,,,,,0
,,,,,,,,,,,,,,,,,,,,0
,,,,,,,,,,,,,,,,,,,,0
,,,,,,,,,,,,,,,,,,,,0
,,,,,,,,,,,,,,,,,,,,0
,,,,,,,,,,,,,,,,,,,,0
,,,,,,,,,,,,,,,,,,,,0
,,,,,,,,,,,,,,,,,,,,0
,,,,,,,,,,,,,,,,,,,,0
,,,,,,,,,,,,,,,,,,,,0
,,,,,,,,,,,,,,,,,,,,0
,,,,,,,,,,,,,,,,,,,,0
,,,,,,,,,,,,,,,,,,,,0
,,,,,,,,,,,,,,,,,,,,0
,,,,,,,,,,,,,,,,,,,,0
,,,,,,,,,,,,,,,,,,,,0
,,,,,,,,,,,,,,,,,,,,0
,,,,,,,,,,,,,,,,,,,,0
,,,,,,,,,,,,,,,,,,,,0
,,,,,,,,,,,,,,,,,,,,0
,,,,,,,,,,,,,,,,,,,,0
,,,,,,,,,,,,,,,,,,,,0
,,,,,,,,,,,,,,,,,,,,0
,,,,,,,,,,,,,,,,,,,,0
,,,,,,,,,,,,,,,,,,,,0
,,,,,,,,,,,,,,,,,,,,0
,,,,,,,,,,,,,,,,,,,,0
,,,,,,,,,,,,,,,,,,,,0
,,,,,,,,,,,,,,,,,,,,0
,,,,,,,,,,,,,,,,,,,,0
,,,,,,,,,,,,,,,,,,,,0
,,,,,,,,,,,,,,,,,,,,0
,,,,,,,,,,,,,,,,,,,,0
,,,,,,,,,,,,,,,,,,,,0
